﻿<?xml version="1.0" encoding="utf-8"?>
<abapGit version="v1.0.0" serializer="LCL_OBJECT_CLAS" serializer_version="v1.0.0">
 <asx:abap xmlns:asx="http://www.sap.com/abapxml" version="1.0">
  <asx:values>
   <VSEOCLASS>
    <CLSNAME>ZCL_DPD_DOCK_CONTAINER_FACTORY</CLSNAME>
    <LANGU>E</LANGU>
    <DESCRIPT>Design Patterns Demo: Docking Containers Factory</DESCRIPT>
    <STATE>1</STATE>
    <CLSCCINCL>X</CLSCCINCL>
    <FIXPT>X</FIXPT>
    <UNICODE>X</UNICODE>
   </VSEOCLASS>
   <DESCRIPTIONS>
    <SEOCOMPOTX>
     <CLSNAME>ZCL_DPD_DOCK_CONTAINER_FACTORY</CLSNAME>
     <CMPNAME>DESTROY_CONTAINER</CMPNAME>
     <LANGU>E</LANGU>
     <DESCRIPT>DESTROY_CONTAINER</DESCRIPT>
    </SEOCOMPOTX>
    <SEOCOMPOTX>
     <CLSNAME>ZCL_DPD_DOCK_CONTAINER_FACTORY</CLSNAME>
     <CMPNAME>GET_CONTAINER</CMPNAME>
     <LANGU>E</LANGU>
     <DESCRIPT>GET_CONTAINER</DESCRIPT>
    </SEOCOMPOTX>
    <SEOCOMPOTX>
     <CLSNAME>ZCL_DPD_DOCK_CONTAINER_FACTORY</CLSNAME>
     <CMPNAME>MT_CONTAINERS</CMPNAME>
     <LANGU>E</LANGU>
     <DESCRIPT>T_CONTAINERS</DESCRIPT>
    </SEOCOMPOTX>
    <SEOCOMPOTX>
     <CLSNAME>ZCL_DPD_DOCK_CONTAINER_FACTORY</CLSNAME>
     <CMPNAME>M_COUNT</CMPNAME>
     <LANGU>E</LANGU>
     <DESCRIPT>COUNT</DESCRIPT>
    </SEOCOMPOTX>
    <SEOCOMPOTX>
     <CLSNAME>ZCL_DPD_DOCK_CONTAINER_FACTORY</CLSNAME>
     <CMPNAME>M_TOTAL_HEIGHT</CMPNAME>
     <LANGU>E</LANGU>
     <DESCRIPT>TOTAL_HEIGHT</DESCRIPT>
    </SEOCOMPOTX>
    <SEOCOMPOTX>
     <CLSNAME>ZCL_DPD_DOCK_CONTAINER_FACTORY</CLSNAME>
     <CMPNAME>M_TOTAL_WIDTH</CMPNAME>
     <LANGU>E</LANGU>
     <DESCRIPT>TOTAL_WIDTH</DESCRIPT>
    </SEOCOMPOTX>
    <SEOCOMPOTX>
     <CLSNAME>ZCL_DPD_DOCK_CONTAINER_FACTORY</CLSNAME>
     <CMPNAME>REFRESH_TOTAL_SIZE</CMPNAME>
     <LANGU>E</LANGU>
     <DESCRIPT>REFRESH_TOTAL_SIZE</DESCRIPT>
    </SEOCOMPOTX>
    <SEOCOMPOTX>
     <CLSNAME>ZCL_DPD_DOCK_CONTAINER_FACTORY</CLSNAME>
     <CMPNAME>RESIZE_CONTAINERS</CMPNAME>
     <LANGU>E</LANGU>
     <DESCRIPT>RESIZE_CONTAINERS</DESCRIPT>
    </SEOCOMPOTX>
    <SEOCOMPOTX>
     <CLSNAME>ZCL_DPD_DOCK_CONTAINER_FACTORY</CLSNAME>
     <CMPNAME>TY_T_CONTAINERS</CMPNAME>
     <LANGU>E</LANGU>
     <DESCRIPT>TY_T_CONTAINERS</DESCRIPT>
    </SEOCOMPOTX>
   </DESCRIPTIONS>
  </asx:values>
 </asx:abap>
</abapGit>
