﻿<?xml version="1.0" encoding="utf-8"?>
<abapGit version="v1.0.0" serializer="LCL_OBJECT_CLAS" serializer_version="v1.0.0">
 <asx:abap xmlns:asx="http://www.sap.com/abapxml" version="1.0">
  <asx:values>
   <VSEOCLASS>
    <CLSNAME>ZCL_DPD_APP_MOD</CLSNAME>
    <LANGU>D</LANGU>
    <DESCRIPT>Design Patterns Demo: Application Model</DESCRIPT>
    <STATE>1</STATE>
    <CLSCCINCL>X</CLSCCINCL>
    <FIXPT>X</FIXPT>
    <UNICODE>X</UNICODE>
    <WITH_UNIT_TESTS>X</WITH_UNIT_TESTS>
   </VSEOCLASS>
   <DESCRIPTIONS>
    <SEOCOMPOTX>
     <CLSNAME>ZCL_DPD_APP_MOD</CLSNAME>
     <CMPNAME>MT_ACTIVE_OBJECTS</CMPNAME>
     <LANGU>E</LANGU>
     <DESCRIPT>Design Patterns in OO ABAP - tree objects table type</DESCRIPT>
    </SEOCOMPOTX>
   </DESCRIPTIONS>
  </asx:values>
 </asx:abap>
</abapGit>
