﻿<?xml version="1.0" encoding="utf-8"?>
<abapGit version="v1.0.0" serializer="LCL_OBJECT_CLAS" serializer_version="v1.0.0">
 <asx:abap xmlns:asx="http://www.sap.com/abapxml" version="1.0">
  <asx:values>
   <VSEOCLASS>
    <CLSNAME>ZCL_DPD_MOD_DBT</CLSNAME>
    <LANGU>E</LANGU>
    <DESCRIPT>Design Patterns Demo: Database Table Maintenance Model</DESCRIPT>
    <STATE>1</STATE>
    <CLSCCINCL>X</CLSCCINCL>
    <FIXPT>X</FIXPT>
    <UNICODE>X</UNICODE>
   </VSEOCLASS>
   <DESCRIPTIONS>
    <SEOCOMPOTX>
     <CLSNAME>ZCL_DPD_MOD_DBT</CLSNAME>
     <CMPNAME>CONSTRUCTOR</CMPNAME>
     <LANGU>E</LANGU>
     <DESCRIPT>CONSTRUCTOR</DESCRIPT>
    </SEOCOMPOTX>
    <SEOCOMPOTX>
     <CLSNAME>ZCL_DPD_MOD_DBT</CLSNAME>
     <CMPNAME>MDT_OUTTAB</CMPNAME>
     <LANGU>E</LANGU>
     <DESCRIPT>MDT_OUTTAB</DESCRIPT>
    </SEOCOMPOTX>
    <SEOCOMPOTX>
     <CLSNAME>ZCL_DPD_MOD_DBT</CLSNAME>
     <CMPNAME>MO_DEC_FINAL</CMPNAME>
     <LANGU>E</LANGU>
     <DESCRIPT>MO_DEC_FINAL</DESCRIPT>
    </SEOCOMPOTX>
    <SEOCOMPOTX>
     <CLSNAME>ZCL_DPD_MOD_DBT</CLSNAME>
     <CMPNAME>MT_MAIN_WHERE</CMPNAME>
     <LANGU>E</LANGU>
     <DESCRIPT>MT_MAIN_WHERE</DESCRIPT>
    </SEOCOMPOTX>
    <SEOCOMPOTX>
     <CLSNAME>ZCL_DPD_MOD_DBT</CLSNAME>
     <CMPNAME>M_CAPTION</CMPNAME>
     <LANGU>E</LANGU>
     <DESCRIPT>M_CAPTION</DESCRIPT>
    </SEOCOMPOTX>
    <SEOCOMPOTX>
     <CLSNAME>ZCL_DPD_MOD_DBT</CLSNAME>
     <CMPNAME>M_DISP_STRUC_NAME</CMPNAME>
     <LANGU>E</LANGU>
     <DESCRIPT>M_DISP_STRUC_NAME</DESCRIPT>
    </SEOCOMPOTX>
    <SEOCOMPOTX>
     <CLSNAME>ZCL_DPD_MOD_DBT</CLSNAME>
     <CMPNAME>M_TABNAME</CMPNAME>
     <LANGU>E</LANGU>
     <DESCRIPT>M_TABNAME</DESCRIPT>
    </SEOCOMPOTX>
    <SEOCOMPOTX>
     <CLSNAME>ZCL_DPD_MOD_DBT</CLSNAME>
     <CMPNAME>REFRESH</CMPNAME>
     <LANGU>E</LANGU>
     <DESCRIPT>REFRESH</DESCRIPT>
    </SEOCOMPOTX>
    <SEOCOMPOTX>
     <CLSNAME>ZCL_DPD_MOD_DBT</CLSNAME>
     <CMPNAME>SAVE</CMPNAME>
     <LANGU>E</LANGU>
     <DESCRIPT>SAVE</DESCRIPT>
    </SEOCOMPOTX>
   </DESCRIPTIONS>
  </asx:values>
 </asx:abap>
</abapGit>
