﻿<?xml version="1.0" encoding="utf-8"?>
<abapGit version="v1.0.0" serializer="LCL_OBJECT_CLAS" serializer_version="v1.0.0">
 <asx:abap xmlns:asx="http://www.sap.com/abapxml" version="1.0">
  <asx:values>
   <VSEOCLASS>
    <CLSNAME>ZCL_DPD_ITAB_DEC</CLSNAME>
    <LANGU>E</LANGU>
    <DESCRIPT>Design Patterns Demo: Super-decorator</DESCRIPT>
    <STATE>1</STATE>
    <CLSCCINCL>X</CLSCCINCL>
    <FIXPT>X</FIXPT>
    <UNICODE>X</UNICODE>
   </VSEOCLASS>
   <DESCRIPTIONS>
    <SEOCOMPOTX>
     <CLSNAME>ZCL_DPD_ITAB_DEC</CLSNAME>
     <CMPNAME>CONSTRUCTOR</CMPNAME>
     <LANGU>E</LANGU>
     <DESCRIPT>CONSTRUCTOR</DESCRIPT>
    </SEOCOMPOTX>
    <SEOCOMPOTX>
     <CLSNAME>ZCL_DPD_ITAB_DEC</CLSNAME>
     <CMPNAME>FREE</CMPNAME>
     <LANGU>E</LANGU>
     <DESCRIPT>FREE</DESCRIPT>
    </SEOCOMPOTX>
    <SEOCOMPOTX>
     <CLSNAME>ZCL_DPD_ITAB_DEC</CLSNAME>
     <CMPNAME>GET_FIELDS</CMPNAME>
     <LANGU>E</LANGU>
     <DESCRIPT>GET_FIELDS</DESCRIPT>
    </SEOCOMPOTX>
    <SEOCOMPOTX>
     <CLSNAME>ZCL_DPD_ITAB_DEC</CLSNAME>
     <CMPNAME>MDT_REF</CMPNAME>
     <LANGU>E</LANGU>
     <DESCRIPT>DT_REF</DESCRIPT>
    </SEOCOMPOTX>
    <SEOCOMPOTX>
     <CLSNAME>ZCL_DPD_ITAB_DEC</CLSNAME>
     <CMPNAME>MO_PREC_DECORATOR</CMPNAME>
     <LANGU>E</LANGU>
     <DESCRIPT>PREC_DECORATOR</DESCRIPT>
    </SEOCOMPOTX>
    <SEOCOMPOTX>
     <CLSNAME>ZCL_DPD_ITAB_DEC</CLSNAME>
     <CMPNAME>MTT_FNAME_MAPPINGS</CMPNAME>
     <LANGU>E</LANGU>
     <DESCRIPT>TT_FNAME_MAPPINGS</DESCRIPT>
    </SEOCOMPOTX>
    <SEOCOMPOTX>
     <CLSNAME>ZCL_DPD_ITAB_DEC</CLSNAME>
     <CMPNAME>REFRESH_DATA</CMPNAME>
     <LANGU>E</LANGU>
     <DESCRIPT>REFRESH_DATA</DESCRIPT>
    </SEOCOMPOTX>
    <SEOCOMPOTX>
     <CLSNAME>ZCL_DPD_ITAB_DEC</CLSNAME>
     <CMPNAME>S_FNAME_PAIR</CMPNAME>
     <LANGU>E</LANGU>
     <DESCRIPT>S_FNAME_PAIR</DESCRIPT>
    </SEOCOMPOTX>
    <SEOCOMPOTX>
     <CLSNAME>ZCL_DPD_ITAB_DEC</CLSNAME>
     <CMPNAME>TY_TT_FNAME_MAPPINGS</CMPNAME>
     <LANGU>E</LANGU>
     <DESCRIPT>TY_TT_FNAME_MAPPINGS</DESCRIPT>
    </SEOCOMPOTX>
    <SEOCOMPOTX>
     <CLSNAME>ZCL_DPD_ITAB_DEC</CLSNAME>
     <CMPNAME>TY_T_FNAME_MAPPING</CMPNAME>
     <LANGU>E</LANGU>
     <DESCRIPT>TY_T_FNAME_MAPPING</DESCRIPT>
    </SEOCOMPOTX>
   </DESCRIPTIONS>
  </asx:values>
 </asx:abap>
</abapGit>
