﻿<?xml version="1.0" encoding="utf-8"?>
<abapGit version="v1.0.0" serializer="LCL_OBJECT_CLAS" serializer_version="v1.0.0">
 <asx:abap xmlns:asx="http://www.sap.com/abapxml" version="1.0">
  <asx:values>
   <VSEOCLASS>
    <CLSNAME>ZCL_DPD_ST_TEXT_EDITOR</CLSNAME>
    <LANGU>E</LANGU>
    <DESCRIPT>Design Patterns Demo: Standard Text Editor</DESCRIPT>
    <STATE>1</STATE>
    <CLSCCINCL>X</CLSCCINCL>
    <FIXPT>X</FIXPT>
    <UNICODE>X</UNICODE>
   </VSEOCLASS>
   <DESCRIPTIONS>
    <SEOCOMPOTX>
     <CLSNAME>ZCL_DPD_ST_TEXT_EDITOR</CLSNAME>
     <CMPNAME>CONSTRUCTOR</CMPNAME>
     <LANGU>E</LANGU>
     <DESCRIPT>CONSTRUCTOR</DESCRIPT>
    </SEOCOMPOTX>
    <SEOCOMPOTX>
     <CLSNAME>ZCL_DPD_ST_TEXT_EDITOR</CLSNAME>
     <CMPNAME>FREE</CMPNAME>
     <LANGU>E</LANGU>
     <DESCRIPT>FREE</DESCRIPT>
    </SEOCOMPOTX>
    <SEOCOMPOTX>
     <CLSNAME>ZCL_DPD_ST_TEXT_EDITOR</CLSNAME>
     <CMPNAME>MO_CONTAINER</CMPNAME>
     <LANGU>E</LANGU>
     <DESCRIPT>CONTAINER</DESCRIPT>
    </SEOCOMPOTX>
    <SEOCOMPOTX>
     <CLSNAME>ZCL_DPD_ST_TEXT_EDITOR</CLSNAME>
     <CMPNAME>MO_TEXTEDIT</CMPNAME>
     <LANGU>E</LANGU>
     <DESCRIPT>TEXTEDIT</DESCRIPT>
    </SEOCOMPOTX>
    <SEOCOMPOTX>
     <CLSNAME>ZCL_DPD_ST_TEXT_EDITOR</CLSNAME>
     <CMPNAME>MS_THEAD</CMPNAME>
     <LANGU>E</LANGU>
     <DESCRIPT>S_THEAD</DESCRIPT>
    </SEOCOMPOTX>
    <SEOCOMPOTX>
     <CLSNAME>ZCL_DPD_ST_TEXT_EDITOR</CLSNAME>
     <CMPNAME>M_CAPTION</CMPNAME>
     <LANGU>E</LANGU>
     <DESCRIPT>30 Characters</DESCRIPT>
    </SEOCOMPOTX>
    <SEOCOMPOTX>
     <CLSNAME>ZCL_DPD_ST_TEXT_EDITOR</CLSNAME>
     <CMPNAME>ON_TOOLBAR_FUNC_SEL</CMPNAME>
     <LANGU>E</LANGU>
     <DESCRIPT>ON_TOOLBAR_FUNC_SEL</DESCRIPT>
    </SEOCOMPOTX>
    <SEOCOMPOTX>
     <CLSNAME>ZCL_DPD_ST_TEXT_EDITOR</CLSNAME>
     <CMPNAME>SAVE</CMPNAME>
     <LANGU>E</LANGU>
     <DESCRIPT>SAVE</DESCRIPT>
    </SEOCOMPOTX>
    <SEOCOMPOTX>
     <CLSNAME>ZCL_DPD_ST_TEXT_EDITOR</CLSNAME>
     <CMPNAME>TY_T_TEXT</CMPNAME>
     <LANGU>E</LANGU>
     <DESCRIPT>TY_T_TEXT</DESCRIPT>
    </SEOCOMPOTX>
   </DESCRIPTIONS>
  </asx:values>
 </asx:abap>
</abapGit>
