﻿<?xml version="1.0" encoding="utf-8"?>
<abapGit version="v1.0.0" serializer="LCL_OBJECT_WDYN" serializer_version="v1.0.0">
 <asx:abap xmlns:asx="http://www.sap.com/abapxml" version="1.0">
  <asx:values>
   <COMPONENT>
    <COMP_METADATA>
     <DEFINITION>
      <COMPONENT_NAME>ZDPD_ST_TEXT_EDITOR</COMPONENT_NAME>
      <VERSION>A</VERSION>
      <CMP_CONTROLLER>COMPONENTCONTROLLER</CMP_CONTROLLER>
      <CMP_INTERFACE>COMPONENTINTERFACE</CMP_INTERFACE>
      <DISPLAY_NAME>ZDPD_ST_TEXT_EDITOR</DISPLAY_NAME>
     </DEFINITION>
    </COMP_METADATA>
    <VIEW_METADATA>
     <WDY_MD_VIEW_META_DATA>
      <DEFINITION>
       <COMPONENT_NAME>ZDPD_ST_TEXT_EDITOR</COMPONENT_NAME>
       <VIEW_NAME>EMPTYVIEW</VIEW_NAME>
       <VERSION>A</VERSION>
       <TYPE>CL_WDY_MD_EMPTY_VIEW</TYPE>
       <VIEW_CONTROLLER>EMPTYVIEW</VIEW_CONTROLLER>
       <DISPLAY_NAME>EMPTYVIEW</DISPLAY_NAME>
      </DEFINITION>
      <IOBOUND_PLUGS>
       <WDY_IOBOUND_PLUG>
        <COMPONENT_NAME>ZDPD_ST_TEXT_EDITOR</COMPONENT_NAME>
        <VIEW_NAME>EMPTYVIEW</VIEW_NAME>
        <PLUG_NAME>SHOWEMPTYVIEW</PLUG_NAME>
        <VERSION>A</VERSION>
        <PLUG_TYPE>CL_WDY_MD_INBOUND_PLUG</PLUG_TYPE>
        <DISPLAY_NAME>SHOWEMPTYVIEW</DISPLAY_NAME>
       </WDY_IOBOUND_PLUG>
      </IOBOUND_PLUGS>
     </WDY_MD_VIEW_META_DATA>
     <WDY_MD_VIEW_META_DATA>
      <DEFINITION>
       <COMPONENT_NAME>ZDPD_ST_TEXT_EDITOR</COMPONENT_NAME>
       <VIEW_NAME>ST_TEXT_EDITOR</VIEW_NAME>
       <VERSION>A</VERSION>
       <TYPE>CL_WDY_MD_WINDOW</TYPE>
       <VIEW_CONTROLLER>ST_TEXT_EDITOR</VIEW_CONTROLLER>
       <DISPLAY_NAME>ST_TEXT_EDITOR</DISPLAY_NAME>
       <DEF_ROOT_NODE>ST_TEXT_EDITOR_VIEW_USAGE_1</DEF_ROOT_NODE>
      </DEFINITION>
      <IOBOUND_PLUGS>
       <WDY_IOBOUND_PLUG>
        <COMPONENT_NAME>ZDPD_ST_TEXT_EDITOR</COMPONENT_NAME>
        <VIEW_NAME>ST_TEXT_EDITOR</VIEW_NAME>
        <PLUG_NAME>DEFAULT</PLUG_NAME>
        <VERSION>A</VERSION>
        <PLUG_TYPE>CL_WDY_MD_INBOUND_PLUG</PLUG_TYPE>
        <IN_PLUG_TYPE>1</IN_PLUG_TYPE>
        <DISPLAY_NAME>DEFAULT</DISPLAY_NAME>
        <IS_INTF_ITEM>X</IS_INTF_ITEM>
       </WDY_IOBOUND_PLUG>
      </IOBOUND_PLUGS>
      <VSH_NODES>
       <WDY_VSH_NODE>
        <COMPONENT_NAME>ZDPD_ST_TEXT_EDITOR</COMPONENT_NAME>
        <WINDOW_NAME>ST_TEXT_EDITOR</WINDOW_NAME>
        <VSH_NODE_NAME>ST_TEXT_EDITOR_VIEW_USAGE_1</VSH_NODE_NAME>
        <VERSION>A</VERSION>
        <VSH_NODE_TYPE>CL_WDY_MD_VIEW_USAGE</VSH_NODE_TYPE>
        <USED_VIEW>ST_TEXT_EDITOR_VIEW</USED_VIEW>
        <DISPLAY_NAME>ST_TEXT_EDITOR_VIEW_USAGE_1</DISPLAY_NAME>
       </WDY_VSH_NODE>
      </VSH_NODES>
     </WDY_MD_VIEW_META_DATA>
     <WDY_MD_VIEW_META_DATA>
      <DEFINITION>
       <COMPONENT_NAME>ZDPD_ST_TEXT_EDITOR</COMPONENT_NAME>
       <VIEW_NAME>ST_TEXT_EDITOR_VIEW</VIEW_NAME>
       <VERSION>A</VERSION>
       <TYPE>CL_WDY_MD_VIEW</TYPE>
       <VIEW_CONTROLLER>ST_TEXT_EDITOR_VIEW</VIEW_CONTROLLER>
       <ROOT_UI_CONT>ROOTUIELEMENTCONTAINER</ROOT_UI_CONT>
       <DISPLAY_NAME>ST_TEXT_EDITOR_VIEW</DISPLAY_NAME>
      </DEFINITION>
      <UI_ELEMENTS>
       <WDY_UI_ELEMENT>
        <COMPONENT_NAME>ZDPD_ST_TEXT_EDITOR</COMPONENT_NAME>
        <VIEW_NAME>ST_TEXT_EDITOR_VIEW</VIEW_NAME>
        <ELEMENT_NAME>ROOTUIELEMENTCONTAINER</ELEMENT_NAME>
        <VERSION>A</VERSION>
        <UI_ELEMENT_TYPE>CL_WDY_MD_TRANSP_CONTAINER</UI_ELEMENT_TYPE>
        <DISPLAY_NAME>ROOTUIELEMENTCONTAINER</DISPLAY_NAME>
        <UI_ELEM_DEF_LIB>STANDARD</UI_ELEM_DEF_LIB>
        <UI_ELEMENT_DEF>TRANSPARENT_CONTAINER</UI_ELEMENT_DEF>
       </WDY_UI_ELEMENT>
       <WDY_UI_ELEMENT>
        <COMPONENT_NAME>ZDPD_ST_TEXT_EDITOR</COMPONENT_NAME>
        <VIEW_NAME>ST_TEXT_EDITOR_VIEW</VIEW_NAME>
        <ELEMENT_NAME>ROOTUIELEMENTCONTAINER_LAYOUT</ELEMENT_NAME>
        <VERSION>A</VERSION>
        <ELEMENT_POSITION>1</ELEMENT_POSITION>
        <UI_ELEMENT_TYPE>CL_WDY_MD_FLOW_LAYOUT</UI_ELEMENT_TYPE>
        <DISPLAY_NAME>ROOTUIELEMENTCONTAINER_LAYOUT</DISPLAY_NAME>
        <UI_ELEM_DEF_LIB>STANDARD</UI_ELEM_DEF_LIB>
        <UI_ELEMENT_DEF>FLOW_LAYOUT</UI_ELEMENT_DEF>
        <PARENT_NAME>ROOTUIELEMENTCONTAINER</PARENT_NAME>
        <AGGREGATION_NAME>LAYOUT</AGGREGATION_NAME>
       </WDY_UI_ELEMENT>
       <WDY_UI_ELEMENT>
        <COMPONENT_NAME>ZDPD_ST_TEXT_EDITOR</COMPONENT_NAME>
        <VIEW_NAME>ST_TEXT_EDITOR_VIEW</VIEW_NAME>
        <ELEMENT_NAME>TEXTEDIT</ELEMENT_NAME>
        <VERSION>A</VERSION>
        <ELEMENT_POSITION>1</ELEMENT_POSITION>
        <UI_ELEMENT_TYPE>CL_WDY_MD_TEXT_EDIT</UI_ELEMENT_TYPE>
        <DISPLAY_NAME>TEXTEDIT</DISPLAY_NAME>
        <UI_ELEM_DEF_LIB>STANDARD</UI_ELEM_DEF_LIB>
        <UI_ELEMENT_DEF>TEXT_EDIT</UI_ELEMENT_DEF>
        <PARENT_NAME>ROOTUIELEMENTCONTAINER</PARENT_NAME>
        <AGGREGATION_NAME>CHILDREN</AGGREGATION_NAME>
       </WDY_UI_ELEMENT>
       <WDY_UI_ELEMENT>
        <COMPONENT_NAME>ZDPD_ST_TEXT_EDITOR</COMPONENT_NAME>
        <VIEW_NAME>ST_TEXT_EDITOR_VIEW</VIEW_NAME>
        <ELEMENT_NAME>TEXTEDIT_LAYOUT_DATA</ELEMENT_NAME>
        <VERSION>A</VERSION>
        <ELEMENT_POSITION>1</ELEMENT_POSITION>
        <UI_ELEMENT_TYPE>CL_WDY_MD_FLOW_DATA</UI_ELEMENT_TYPE>
        <DISPLAY_NAME>TEXTEDIT_LAYOUT_DATA</DISPLAY_NAME>
        <UI_ELEM_DEF_LIB>STANDARD</UI_ELEM_DEF_LIB>
        <UI_ELEMENT_DEF>FLOW_DATA</UI_ELEMENT_DEF>
        <PARENT_NAME>TEXTEDIT</PARENT_NAME>
        <AGGREGATION_NAME>LAYOUT_DATA</AGGREGATION_NAME>
       </WDY_UI_ELEMENT>
      </UI_ELEMENTS>
      <UI_CONTEXT_BINDINGS>
       <WDY_UI_CTX_BIND>
        <COMPONENT_NAME>ZDPD_ST_TEXT_EDITOR</COMPONENT_NAME>
        <VIEW_NAME>ST_TEXT_EDITOR_VIEW</VIEW_NAME>
        <ELEMENT_NAME>TEXTEDIT</ELEMENT_NAME>
        <BINDING_NAME>VALUE</BINDING_NAME>
        <VERSION>A</VERSION>
        <UI_ELEM_PROPERTY>VALUE</UI_ELEM_PROPERTY>
        <BOUND_CTX_NODE>CONTEXT</BOUND_CTX_NODE>
        <BOUND_CTX_ATTRIB>TEXT</BOUND_CTX_ATTRIB>
       </WDY_UI_CTX_BIND>
      </UI_CONTEXT_BINDINGS>
      <UI_PROPERTIES>
       <WDY_UI_PROPERTY>
        <COMPONENT_NAME>ZDPD_ST_TEXT_EDITOR</COMPONENT_NAME>
        <VIEW_NAME>ST_TEXT_EDITOR_VIEW</VIEW_NAME>
        <ELEMENT_NAME>ROOTUIELEMENTCONTAINER</ELEMENT_NAME>
        <VERSION>A</VERSION>
        <PROPERTY_NAME>ENABLED</PROPERTY_NAME>
        <PROPERTY_VALUE>X</PROPERTY_VALUE>
       </WDY_UI_PROPERTY>
       <WDY_UI_PROPERTY>
        <COMPONENT_NAME>ZDPD_ST_TEXT_EDITOR</COMPONENT_NAME>
        <VIEW_NAME>ST_TEXT_EDITOR_VIEW</VIEW_NAME>
        <ELEMENT_NAME>ROOTUIELEMENTCONTAINER</ELEMENT_NAME>
        <VERSION>A</VERSION>
        <PROPERTY_NAME>IS_LAYOUT_CONTAINER</PROPERTY_NAME>
        <PROPERTY_VALUE>X</PROPERTY_VALUE>
       </WDY_UI_PROPERTY>
       <WDY_UI_PROPERTY>
        <COMPONENT_NAME>ZDPD_ST_TEXT_EDITOR</COMPONENT_NAME>
        <VIEW_NAME>ST_TEXT_EDITOR_VIEW</VIEW_NAME>
        <ELEMENT_NAME>ROOTUIELEMENTCONTAINER</ELEMENT_NAME>
        <VERSION>A</VERSION>
        <PROPERTY_NAME>SCROLLING_MODE</PROPERTY_NAME>
        <PROPERTY_VALUE>02</PROPERTY_VALUE>
       </WDY_UI_PROPERTY>
       <WDY_UI_PROPERTY>
        <COMPONENT_NAME>ZDPD_ST_TEXT_EDITOR</COMPONENT_NAME>
        <VIEW_NAME>ST_TEXT_EDITOR_VIEW</VIEW_NAME>
        <ELEMENT_NAME>ROOTUIELEMENTCONTAINER</ELEMENT_NAME>
        <VERSION>A</VERSION>
        <PROPERTY_NAME>VISIBLE</PROPERTY_NAME>
        <PROPERTY_VALUE>02</PROPERTY_VALUE>
       </WDY_UI_PROPERTY>
       <WDY_UI_PROPERTY>
        <COMPONENT_NAME>ZDPD_ST_TEXT_EDITOR</COMPONENT_NAME>
        <VIEW_NAME>ST_TEXT_EDITOR_VIEW</VIEW_NAME>
        <ELEMENT_NAME>ROOTUIELEMENTCONTAINER_LAYOUT</ELEMENT_NAME>
        <VERSION>A</VERSION>
        <PROPERTY_NAME>WRAPPING</PROPERTY_NAME>
        <PROPERTY_VALUE>X</PROPERTY_VALUE>
       </WDY_UI_PROPERTY>
       <WDY_UI_PROPERTY>
        <COMPONENT_NAME>ZDPD_ST_TEXT_EDITOR</COMPONENT_NAME>
        <VIEW_NAME>ST_TEXT_EDITOR_VIEW</VIEW_NAME>
        <ELEMENT_NAME>TEXTEDIT</ELEMENT_NAME>
        <VERSION>A</VERSION>
        <PROPERTY_NAME>COLS</PROPERTY_NAME>
        <PROPERTY_VALUE>40</PROPERTY_VALUE>
       </WDY_UI_PROPERTY>
       <WDY_UI_PROPERTY>
        <COMPONENT_NAME>ZDPD_ST_TEXT_EDITOR</COMPONENT_NAME>
        <VIEW_NAME>ST_TEXT_EDITOR_VIEW</VIEW_NAME>
        <ELEMENT_NAME>TEXTEDIT</ELEMENT_NAME>
        <VERSION>A</VERSION>
        <PROPERTY_NAME>ENABLED</PROPERTY_NAME>
        <PROPERTY_VALUE>X</PROPERTY_VALUE>
       </WDY_UI_PROPERTY>
       <WDY_UI_PROPERTY>
        <COMPONENT_NAME>ZDPD_ST_TEXT_EDITOR</COMPONENT_NAME>
        <VIEW_NAME>ST_TEXT_EDITOR_VIEW</VIEW_NAME>
        <ELEMENT_NAME>TEXTEDIT</ELEMENT_NAME>
        <VERSION>A</VERSION>
        <PROPERTY_NAME>ROWS</PROPERTY_NAME>
        <PROPERTY_VALUE>5</PROPERTY_VALUE>
       </WDY_UI_PROPERTY>
       <WDY_UI_PROPERTY>
        <COMPONENT_NAME>ZDPD_ST_TEXT_EDITOR</COMPONENT_NAME>
        <VIEW_NAME>ST_TEXT_EDITOR_VIEW</VIEW_NAME>
        <ELEMENT_NAME>TEXTEDIT</ELEMENT_NAME>
        <VERSION>A</VERSION>
        <PROPERTY_NAME>STATE</PROPERTY_NAME>
        <PROPERTY_VALUE>00</PROPERTY_VALUE>
       </WDY_UI_PROPERTY>
       <WDY_UI_PROPERTY>
        <COMPONENT_NAME>ZDPD_ST_TEXT_EDITOR</COMPONENT_NAME>
        <VIEW_NAME>ST_TEXT_EDITOR_VIEW</VIEW_NAME>
        <ELEMENT_NAME>TEXTEDIT</ELEMENT_NAME>
        <VERSION>A</VERSION>
        <PROPERTY_NAME>TEXT_DIRECTION</PROPERTY_NAME>
        <PROPERTY_VALUE>02</PROPERTY_VALUE>
       </WDY_UI_PROPERTY>
       <WDY_UI_PROPERTY>
        <COMPONENT_NAME>ZDPD_ST_TEXT_EDITOR</COMPONENT_NAME>
        <VIEW_NAME>ST_TEXT_EDITOR_VIEW</VIEW_NAME>
        <ELEMENT_NAME>TEXTEDIT</ELEMENT_NAME>
        <VERSION>A</VERSION>
        <PROPERTY_NAME>VISIBLE</PROPERTY_NAME>
        <PROPERTY_VALUE>02</PROPERTY_VALUE>
       </WDY_UI_PROPERTY>
       <WDY_UI_PROPERTY>
        <COMPONENT_NAME>ZDPD_ST_TEXT_EDITOR</COMPONENT_NAME>
        <VIEW_NAME>ST_TEXT_EDITOR_VIEW</VIEW_NAME>
        <ELEMENT_NAME>TEXTEDIT</ELEMENT_NAME>
        <VERSION>A</VERSION>
        <PROPERTY_NAME>WRAPPING</PROPERTY_NAME>
        <PROPERTY_VALUE>02</PROPERTY_VALUE>
       </WDY_UI_PROPERTY>
       <WDY_UI_PROPERTY>
        <COMPONENT_NAME>ZDPD_ST_TEXT_EDITOR</COMPONENT_NAME>
        <VIEW_NAME>ST_TEXT_EDITOR_VIEW</VIEW_NAME>
        <ELEMENT_NAME>TEXTEDIT_LAYOUT_DATA</ELEMENT_NAME>
        <VERSION>A</VERSION>
        <PROPERTY_NAME>CELL_DESIGN</PROPERTY_NAME>
        <PROPERTY_VALUE>04</PROPERTY_VALUE>
       </WDY_UI_PROPERTY>
       <WDY_UI_PROPERTY>
        <COMPONENT_NAME>ZDPD_ST_TEXT_EDITOR</COMPONENT_NAME>
        <VIEW_NAME>ST_TEXT_EDITOR_VIEW</VIEW_NAME>
        <ELEMENT_NAME>TEXTEDIT_LAYOUT_DATA</ELEMENT_NAME>
        <VERSION>A</VERSION>
        <PROPERTY_NAME>V_GUTTER</PROPERTY_NAME>
        <PROPERTY_VALUE>00</PROPERTY_VALUE>
       </WDY_UI_PROPERTY>
      </UI_PROPERTIES>
     </WDY_MD_VIEW_META_DATA>
    </VIEW_METADATA>
    <CTLR_METADATA>
     <WDY_MD_CONTROLLER_META_DATA>
      <DEFINITION>
       <COMPONENT_NAME>ZDPD_ST_TEXT_EDITOR</COMPONENT_NAME>
       <CONTROLLER_NAME>COMPONENTCONTROLLER</CONTROLLER_NAME>
       <VERSION>A</VERSION>
       <CONTROLLER_TYPE>02</CONTROLLER_TYPE>
       <CONTEXT>CONTEXT</CONTEXT>
       <DISPLAY_NAME>COMPONENTCONTROLLER</DISPLAY_NAME>
       <RUNTIME_OBJECT>ZIWCI_DPD_ST_TEXT_EDITOR</RUNTIME_OBJECT>
      </DEFINITION>
      <CONTEXT_NODES>
       <WDY_CTX_NODE>
        <COMPONENT_NAME>ZDPD_ST_TEXT_EDITOR</COMPONENT_NAME>
        <CONTROLLER_NAME>COMPONENTCONTROLLER</CONTROLLER_NAME>
        <NODE_NAME>CONTEXT</NODE_NAME>
        <VERSION>A</VERSION>
        <NODE_TYPE>CL_WDY_MD_CONTEXT_VALUE_NODE</NODE_TYPE>
        <COLLECTION_TYPE>03</COLLECTION_TYPE>
        <CARDINALITY>01</CARDINALITY>
        <SELECTION>01</SELECTION>
        <SINGLETON>X</SINGLETON>
        <DISPLAY_NAME>CONTEXT</DISPLAY_NAME>
        <INIT_LEAD_SELECT>X</INIT_LEAD_SELECT>
        <IS_INTF_ITEM>X</IS_INTF_ITEM>
       </WDY_CTX_NODE>
       <WDY_CTX_NODE>
        <COMPONENT_NAME>ZDPD_ST_TEXT_EDITOR</COMPONENT_NAME>
        <CONTROLLER_NAME>COMPONENTCONTROLLER</CONTROLLER_NAME>
        <NODE_NAME>ST_TEXT_EDITOR</NODE_NAME>
        <VERSION>A</VERSION>
        <NODE_TYPE>CL_WDY_MD_CONTEXT_VALUE_NODE</NODE_TYPE>
        <PARENT_NODE_NAME>CONTEXT</PARENT_NODE_NAME>
        <NODE_POSITION>1</NODE_POSITION>
        <COLLECTION_TYPE>03</COLLECTION_TYPE>
        <CARDINALITY>01</CARDINALITY>
        <SINGLETON>X</SINGLETON>
        <DISPLAY_NAME>ST_TEXT_EDITOR</DISPLAY_NAME>
        <INIT_LEAD_SELECT>X</INIT_LEAD_SELECT>
        <IS_INTF_ITEM>X</IS_INTF_ITEM>
       </WDY_CTX_NODE>
      </CONTEXT_NODES>
      <CONTEXT_ATTRIBUTES>
       <WDY_CTX_ATTRIB>
        <COMPONENT_NAME>ZDPD_ST_TEXT_EDITOR</COMPONENT_NAME>
        <CONTROLLER_NAME>COMPONENTCONTROLLER</CONTROLLER_NAME>
        <NODE_NAME>ST_TEXT_EDITOR</NODE_NAME>
        <ATTRIBUTE_NAME>S_THEAD</ATTRIBUTE_NAME>
        <VERSION>A</VERSION>
        <ATTRIBUTE_TYPE>CL_WDY_MD_CTX_VALUE_ATTRIBUTE</ATTRIBUTE_TYPE>
        <ATTRIB_POSITION>1</ATTRIB_POSITION>
        <ABAP_TYPE>THEAD</ABAP_TYPE>
        <DISPLAY_NAME>S_THEAD</DISPLAY_NAME>
       </WDY_CTX_ATTRIB>
      </CONTEXT_ATTRIBUTES>
     </WDY_MD_CONTROLLER_META_DATA>
     <WDY_MD_CONTROLLER_META_DATA>
      <DEFINITION>
       <COMPONENT_NAME>ZDPD_ST_TEXT_EDITOR</COMPONENT_NAME>
       <CONTROLLER_NAME>EMPTYVIEW</CONTROLLER_NAME>
       <VERSION>A</VERSION>
       <CONTROLLER_TYPE>01</CONTROLLER_TYPE>
       <DISPLAY_NAME>EMPTYVIEW</DISPLAY_NAME>
      </DEFINITION>
     </WDY_MD_CONTROLLER_META_DATA>
     <WDY_MD_CONTROLLER_META_DATA>
      <DEFINITION>
       <COMPONENT_NAME>ZDPD_ST_TEXT_EDITOR</COMPONENT_NAME>
       <CONTROLLER_NAME>ST_TEXT_EDITOR</CONTROLLER_NAME>
       <VERSION>A</VERSION>
       <CONTROLLER_TYPE>06</CONTROLLER_TYPE>
       <DISPLAY_NAME>ST_TEXT_EDITOR</DISPLAY_NAME>
      </DEFINITION>
      <CONTROLLER_PARAMETERS>
       <WDY_CTLR_PARAM>
        <COMPONENT_NAME>ZDPD_ST_TEXT_EDITOR</COMPONENT_NAME>
        <CONTROLLER_NAME>ST_TEXT_EDITOR</CONTROLLER_NAME>
        <CMPNAME>WDDOONOPEN</CMPNAME>
        <PARAMETER_NAME>WINDOW_DESCR</PARAMETER_NAME>
        <VERSION>A</VERSION>
        <PARAM_POSITION>1</PARAM_POSITION>
        <ABAP_TYPING>1</ABAP_TYPING>
        <ABAP_TYPE>IF_WD_WINDOW_DESCRIPTION</ABAP_TYPE>
        <DISPLAY_NAME>WINDOW_DESCR</DISPLAY_NAME>
       </WDY_CTLR_PARAM>
      </CONTROLLER_PARAMETERS>
     </WDY_MD_CONTROLLER_META_DATA>
     <WDY_MD_CONTROLLER_META_DATA>
      <DEFINITION>
       <COMPONENT_NAME>ZDPD_ST_TEXT_EDITOR</COMPONENT_NAME>
       <CONTROLLER_NAME>ST_TEXT_EDITOR_VIEW</CONTROLLER_NAME>
       <VERSION>A</VERSION>
       <CONTROLLER_TYPE>01</CONTROLLER_TYPE>
       <CONTEXT>CONTEXT</CONTEXT>
       <DISPLAY_NAME>ST_TEXT_EDITOR_VIEW</DISPLAY_NAME>
      </DEFINITION>
      <CONTROLLER_USAGES>
       <WDY_CTLR_USAGE>
        <COMPONENT_NAME>ZDPD_ST_TEXT_EDITOR</COMPONENT_NAME>
        <CONTROLLER_NAME>ST_TEXT_EDITOR_VIEW</CONTROLLER_NAME>
        <CTLR_USAGE_NAME>1UJ1EWFGS4NNH9FCN8RU5SUK1</CTLR_USAGE_NAME>
        <VERSION>A</VERSION>
        <USED_CONTROLLER>COMPONENTCONTROLLER</USED_CONTROLLER>
       </WDY_CTLR_USAGE>
      </CONTROLLER_USAGES>
      <CONTROLLER_PARAMETERS>
       <WDY_CTLR_PARAM>
        <COMPONENT_NAME>ZDPD_ST_TEXT_EDITOR</COMPONENT_NAME>
        <CONTROLLER_NAME>ST_TEXT_EDITOR_VIEW</CONTROLLER_NAME>
        <CMPNAME>WDDOMODIFYVIEW</CMPNAME>
        <PARAMETER_NAME>FIRST_TIME</PARAMETER_NAME>
        <VERSION>A</VERSION>
        <PARAM_POSITION>1</PARAM_POSITION>
        <ABAP_TYPE>WDY_BOOLEAN</ABAP_TYPE>
        <DISPLAY_NAME>FIRST_TIME</DISPLAY_NAME>
       </WDY_CTLR_PARAM>
       <WDY_CTLR_PARAM>
        <COMPONENT_NAME>ZDPD_ST_TEXT_EDITOR</COMPONENT_NAME>
        <CONTROLLER_NAME>ST_TEXT_EDITOR_VIEW</CONTROLLER_NAME>
        <CMPNAME>WDDOMODIFYVIEW</CMPNAME>
        <PARAMETER_NAME>VIEW</PARAMETER_NAME>
        <VERSION>A</VERSION>
        <PARAM_POSITION>2</PARAM_POSITION>
        <ABAP_TYPING>1</ABAP_TYPING>
        <ABAP_TYPE>IF_WD_VIEW</ABAP_TYPE>
        <DISPLAY_NAME>VIEW</DISPLAY_NAME>
       </WDY_CTLR_PARAM>
      </CONTROLLER_PARAMETERS>
      <CONTEXT_NODES>
       <WDY_CTX_NODE>
        <COMPONENT_NAME>ZDPD_ST_TEXT_EDITOR</COMPONENT_NAME>
        <CONTROLLER_NAME>ST_TEXT_EDITOR_VIEW</CONTROLLER_NAME>
        <NODE_NAME>CONTEXT</NODE_NAME>
        <VERSION>A</VERSION>
        <NODE_TYPE>CL_WDY_MD_CONTEXT_VALUE_NODE</NODE_TYPE>
        <COLLECTION_TYPE>03</COLLECTION_TYPE>
        <CARDINALITY>01</CARDINALITY>
        <SELECTION>01</SELECTION>
        <SINGLETON>X</SINGLETON>
        <DISPLAY_NAME>CONTEXT</DISPLAY_NAME>
        <INIT_LEAD_SELECT>X</INIT_LEAD_SELECT>
       </WDY_CTX_NODE>
       <WDY_CTX_NODE>
        <COMPONENT_NAME>ZDPD_ST_TEXT_EDITOR</COMPONENT_NAME>
        <CONTROLLER_NAME>ST_TEXT_EDITOR_VIEW</CONTROLLER_NAME>
        <NODE_NAME>ST_TEXT_EDITOR</NODE_NAME>
        <VERSION>A</VERSION>
        <NODE_TYPE>CL_WDY_MD_CONTEXT_VALUE_NODE</NODE_TYPE>
        <PARENT_NODE_NAME>CONTEXT</PARENT_NODE_NAME>
        <NODE_POSITION>1</NODE_POSITION>
        <COLLECTION_TYPE>03</COLLECTION_TYPE>
        <CARDINALITY>01</CARDINALITY>
        <SINGLETON>X</SINGLETON>
        <DISPLAY_NAME>ST_TEXT_EDITOR</DISPLAY_NAME>
        <INIT_LEAD_SELECT>X</INIT_LEAD_SELECT>
       </WDY_CTX_NODE>
      </CONTEXT_NODES>
      <CONTEXT_ATTRIBUTES>
       <WDY_CTX_ATTRIB>
        <COMPONENT_NAME>ZDPD_ST_TEXT_EDITOR</COMPONENT_NAME>
        <CONTROLLER_NAME>ST_TEXT_EDITOR_VIEW</CONTROLLER_NAME>
        <NODE_NAME>CONTEXT</NODE_NAME>
        <ATTRIBUTE_NAME>TEXT</ATTRIBUTE_NAME>
        <VERSION>A</VERSION>
        <ATTRIBUTE_TYPE>CL_WDY_MD_CTX_VALUE_ATTRIBUTE</ATTRIBUTE_TYPE>
        <ATTRIB_POSITION>1</ATTRIB_POSITION>
        <ABAP_TYPE>STRING</ABAP_TYPE>
        <DISPLAY_NAME>TEXT</DISPLAY_NAME>
       </WDY_CTX_ATTRIB>
       <WDY_CTX_ATTRIB>
        <COMPONENT_NAME>ZDPD_ST_TEXT_EDITOR</COMPONENT_NAME>
        <CONTROLLER_NAME>ST_TEXT_EDITOR_VIEW</CONTROLLER_NAME>
        <NODE_NAME>ST_TEXT_EDITOR</NODE_NAME>
        <ATTRIBUTE_NAME>S_THEAD</ATTRIBUTE_NAME>
        <VERSION>A</VERSION>
        <ATTRIBUTE_TYPE>CL_WDY_MD_CTX_VALUE_ATTRIBUTE</ATTRIBUTE_TYPE>
        <ATTRIB_POSITION>1</ATTRIB_POSITION>
        <ABAP_TYPE>THEAD</ABAP_TYPE>
        <DISPLAY_NAME>S_THEAD</DISPLAY_NAME>
       </WDY_CTX_ATTRIB>
      </CONTEXT_ATTRIBUTES>
      <CONTEXT_MAPPINGS>
       <WDY_CTX_MAPPING>
        <COMPONENT_NAME>ZDPD_ST_TEXT_EDITOR</COMPONENT_NAME>
        <CONTROLLER_NAME>ST_TEXT_EDITOR_VIEW</CONTROLLER_NAME>
        <CTLR_USAGE_NAME>1UJ1EWFGS4NNH9FCN8RU5SUK1</CTLR_USAGE_NAME>
        <CTX_MAPP_NAME>BL2OZ5QQLB1RSR88SS4JJ1WCE</CTX_MAPP_NAME>
        <VERSION>A</VERSION>
        <MAPPING_TYPE>02</MAPPING_TYPE>
        <OWN_NODE_NAME>ST_TEXT_EDITOR</OWN_NODE_NAME>
        <MAP_NODE_NAME>ST_TEXT_EDITOR</MAP_NODE_NAME>
       </WDY_CTX_MAPPING>
      </CONTEXT_MAPPINGS>
     </WDY_MD_CONTROLLER_META_DATA>
    </CTLR_METADATA>
   </COMPONENT>
   <COMPONENTS>
    <WDY_CTLR_COMPO_VRS>
     <COMPONENT_NAME>ZDPD_ST_TEXT_EDITOR</COMPONENT_NAME>
     <CONTROLLER_NAME>ST_TEXT_EDITOR</CONTROLLER_NAME>
     <CMPNAME>WDDOEXIT</CMPNAME>
     <VERSION>A</VERSION>
     <CMPTYPE>CL_WDY_MD_CONTROLLER_METHOD</CMPTYPE>
     <VISIBILITY>2</VISIBILITY>
     <DISPLAY_NAME>WDDOEXIT</DISPLAY_NAME>
    </WDY_CTLR_COMPO_VRS>
    <WDY_CTLR_COMPO_VRS>
     <COMPONENT_NAME>ZDPD_ST_TEXT_EDITOR</COMPONENT_NAME>
     <CONTROLLER_NAME>ST_TEXT_EDITOR</CONTROLLER_NAME>
     <CMPNAME>WDDOINIT</CMPNAME>
     <VERSION>A</VERSION>
     <CMPTYPE>CL_WDY_MD_CONTROLLER_METHOD</CMPTYPE>
     <VISIBILITY>2</VISIBILITY>
     <DISPLAY_NAME>WDDOINIT</DISPLAY_NAME>
    </WDY_CTLR_COMPO_VRS>
    <WDY_CTLR_COMPO_VRS>
     <COMPONENT_NAME>ZDPD_ST_TEXT_EDITOR</COMPONENT_NAME>
     <CONTROLLER_NAME>ST_TEXT_EDITOR</CONTROLLER_NAME>
     <CMPNAME>WDDOONCLOSE</CMPNAME>
     <VERSION>A</VERSION>
     <CMPTYPE>CL_WDY_MD_CONTROLLER_METHOD</CMPTYPE>
     <VISIBILITY>2</VISIBILITY>
     <DISPLAY_NAME>WDDOONCLOSE</DISPLAY_NAME>
    </WDY_CTLR_COMPO_VRS>
    <WDY_CTLR_COMPO_VRS>
     <COMPONENT_NAME>ZDPD_ST_TEXT_EDITOR</COMPONENT_NAME>
     <CONTROLLER_NAME>ST_TEXT_EDITOR</CONTROLLER_NAME>
     <CMPNAME>WDDOONOPEN</CMPNAME>
     <VERSION>A</VERSION>
     <CMPTYPE>CL_WDY_MD_CONTROLLER_METHOD</CMPTYPE>
     <VISIBILITY>2</VISIBILITY>
     <DISPLAY_NAME>WDDOONOPEN</DISPLAY_NAME>
    </WDY_CTLR_COMPO_VRS>
    <WDY_CTLR_COMPO_VRS>
     <COMPONENT_NAME>ZDPD_ST_TEXT_EDITOR</COMPONENT_NAME>
     <CONTROLLER_NAME>ST_TEXT_EDITOR_VIEW</CONTROLLER_NAME>
     <CMPNAME>BUTTON_OK_PRESSED</CMPNAME>
     <VERSION>A</VERSION>
     <CMPTYPE>CL_WDY_MD_ACTION</CMPTYPE>
     <CMP_POSITION>1</CMP_POSITION>
     <DISPLAY_NAME>BUTTON_OK_PRESSED</DISPLAY_NAME>
    </WDY_CTLR_COMPO_VRS>
    <WDY_CTLR_COMPO_VRS>
     <COMPONENT_NAME>ZDPD_ST_TEXT_EDITOR</COMPONENT_NAME>
     <CONTROLLER_NAME>ST_TEXT_EDITOR_VIEW</CONTROLLER_NAME>
     <CMPNAME>ONACTIONBUTTON_OK_PRESSED</CMPNAME>
     <VERSION>A</VERSION>
     <CMPTYPE>CL_WDY_MD_CTLR_EVENT_HANDLER</CMPTYPE>
     <CMP_POSITION>2</CMP_POSITION>
     <VISIBILITY>2</VISIBILITY>
     <REF_CTLR_NAME>ST_TEXT_EDITOR_VIEW</REF_CTLR_NAME>
     <REF_CMPNAME>BUTTON_OK_PRESSED</REF_CMPNAME>
     <DISPLAY_NAME>ONACTIONBUTTON_OK_PRESSED</DISPLAY_NAME>
    </WDY_CTLR_COMPO_VRS>
    <WDY_CTLR_COMPO_VRS>
     <COMPONENT_NAME>ZDPD_ST_TEXT_EDITOR</COMPONENT_NAME>
     <CONTROLLER_NAME>ST_TEXT_EDITOR_VIEW</CONTROLLER_NAME>
     <CMPNAME>S_THEAD</CMPNAME>
     <VERSION>A</VERSION>
     <CMPTYPE>CL_WDY_MD_CONTROLLER_PROPERTY</CMPTYPE>
     <CMP_POSITION>3</CMP_POSITION>
     <DISPLAY_NAME>S_THEAD</DISPLAY_NAME>
     <ABAP_TYPE>THEAD</ABAP_TYPE>
    </WDY_CTLR_COMPO_VRS>
    <WDY_CTLR_COMPO_VRS>
     <COMPONENT_NAME>ZDPD_ST_TEXT_EDITOR</COMPONENT_NAME>
     <CONTROLLER_NAME>ST_TEXT_EDITOR_VIEW</CONTROLLER_NAME>
     <CMPNAME>WDDOBEFOREACTION</CMPNAME>
     <VERSION>A</VERSION>
     <CMPTYPE>CL_WDY_MD_CONTROLLER_METHOD</CMPTYPE>
     <CMP_POSITION>4</CMP_POSITION>
     <VISIBILITY>2</VISIBILITY>
     <DISPLAY_NAME>WDDOBEFOREACTION</DISPLAY_NAME>
    </WDY_CTLR_COMPO_VRS>
    <WDY_CTLR_COMPO_VRS>
     <COMPONENT_NAME>ZDPD_ST_TEXT_EDITOR</COMPONENT_NAME>
     <CONTROLLER_NAME>ST_TEXT_EDITOR_VIEW</CONTROLLER_NAME>
     <CMPNAME>WDDOEXIT</CMPNAME>
     <VERSION>A</VERSION>
     <CMPTYPE>CL_WDY_MD_CONTROLLER_METHOD</CMPTYPE>
     <CMP_POSITION>5</CMP_POSITION>
     <VISIBILITY>2</VISIBILITY>
     <DISPLAY_NAME>WDDOEXIT</DISPLAY_NAME>
    </WDY_CTLR_COMPO_VRS>
    <WDY_CTLR_COMPO_VRS>
     <COMPONENT_NAME>ZDPD_ST_TEXT_EDITOR</COMPONENT_NAME>
     <CONTROLLER_NAME>ST_TEXT_EDITOR_VIEW</CONTROLLER_NAME>
     <CMPNAME>WDDOINIT</CMPNAME>
     <VERSION>A</VERSION>
     <CMPTYPE>CL_WDY_MD_CONTROLLER_METHOD</CMPTYPE>
     <CMP_POSITION>6</CMP_POSITION>
     <VISIBILITY>2</VISIBILITY>
     <DISPLAY_NAME>WDDOINIT</DISPLAY_NAME>
    </WDY_CTLR_COMPO_VRS>
    <WDY_CTLR_COMPO_VRS>
     <COMPONENT_NAME>ZDPD_ST_TEXT_EDITOR</COMPONENT_NAME>
     <CONTROLLER_NAME>ST_TEXT_EDITOR_VIEW</CONTROLLER_NAME>
     <CMPNAME>WDDOMODIFYVIEW</CMPNAME>
     <VERSION>A</VERSION>
     <CMPTYPE>CL_WDY_MD_CONTROLLER_METHOD</CMPTYPE>
     <CMP_POSITION>7</CMP_POSITION>
     <VISIBILITY>2</VISIBILITY>
     <DISPLAY_NAME>WDDOMODIFYVIEW</DISPLAY_NAME>
    </WDY_CTLR_COMPO_VRS>
   </COMPONENTS>
   <SOURCES>
    <WDY_CTLR_COMPO_SOURCE_VRS>
     <COMPONENT_NAME>ZDPD_ST_TEXT_EDITOR</COMPONENT_NAME>
     <CONTROLLER_NAME>ST_TEXT_EDITOR</CONTROLLER_NAME>
     <CMPNAME>WDDOEXIT</CMPNAME>
     <LINE_NUMBER>1</LINE_NUMBER>
     <SOURCE_LINE>method WDDOEXIT .</SOURCE_LINE>
    </WDY_CTLR_COMPO_SOURCE_VRS>
    <WDY_CTLR_COMPO_SOURCE_VRS>
     <COMPONENT_NAME>ZDPD_ST_TEXT_EDITOR</COMPONENT_NAME>
     <CONTROLLER_NAME>ST_TEXT_EDITOR</CONTROLLER_NAME>
     <CMPNAME>WDDOEXIT</CMPNAME>
     <LINE_NUMBER>2</LINE_NUMBER>
     <SOURCE_LINE>endmethod.</SOURCE_LINE>
    </WDY_CTLR_COMPO_SOURCE_VRS>
    <WDY_CTLR_COMPO_SOURCE_VRS>
     <COMPONENT_NAME>ZDPD_ST_TEXT_EDITOR</COMPONENT_NAME>
     <CONTROLLER_NAME>ST_TEXT_EDITOR</CONTROLLER_NAME>
     <CMPNAME>WDDOINIT</CMPNAME>
     <LINE_NUMBER>1</LINE_NUMBER>
     <SOURCE_LINE>method WDDOINIT .</SOURCE_LINE>
    </WDY_CTLR_COMPO_SOURCE_VRS>
    <WDY_CTLR_COMPO_SOURCE_VRS>
     <COMPONENT_NAME>ZDPD_ST_TEXT_EDITOR</COMPONENT_NAME>
     <CONTROLLER_NAME>ST_TEXT_EDITOR</CONTROLLER_NAME>
     <CMPNAME>WDDOINIT</CMPNAME>
     <LINE_NUMBER>2</LINE_NUMBER>
     <SOURCE_LINE>endmethod.</SOURCE_LINE>
    </WDY_CTLR_COMPO_SOURCE_VRS>
    <WDY_CTLR_COMPO_SOURCE_VRS>
     <COMPONENT_NAME>ZDPD_ST_TEXT_EDITOR</COMPONENT_NAME>
     <CONTROLLER_NAME>ST_TEXT_EDITOR</CONTROLLER_NAME>
     <CMPNAME>WDDOONCLOSE</CMPNAME>
     <LINE_NUMBER>1</LINE_NUMBER>
     <SOURCE_LINE>method WDDOONCLOSE .</SOURCE_LINE>
    </WDY_CTLR_COMPO_SOURCE_VRS>
    <WDY_CTLR_COMPO_SOURCE_VRS>
     <COMPONENT_NAME>ZDPD_ST_TEXT_EDITOR</COMPONENT_NAME>
     <CONTROLLER_NAME>ST_TEXT_EDITOR</CONTROLLER_NAME>
     <CMPNAME>WDDOONCLOSE</CMPNAME>
     <LINE_NUMBER>2</LINE_NUMBER>
     <SOURCE_LINE>endmethod.</SOURCE_LINE>
    </WDY_CTLR_COMPO_SOURCE_VRS>
    <WDY_CTLR_COMPO_SOURCE_VRS>
     <COMPONENT_NAME>ZDPD_ST_TEXT_EDITOR</COMPONENT_NAME>
     <CONTROLLER_NAME>ST_TEXT_EDITOR</CONTROLLER_NAME>
     <CMPNAME>WDDOONOPEN</CMPNAME>
     <LINE_NUMBER>1</LINE_NUMBER>
     <SOURCE_LINE>method WDDOONOPEN .</SOURCE_LINE>
    </WDY_CTLR_COMPO_SOURCE_VRS>
    <WDY_CTLR_COMPO_SOURCE_VRS>
     <COMPONENT_NAME>ZDPD_ST_TEXT_EDITOR</COMPONENT_NAME>
     <CONTROLLER_NAME>ST_TEXT_EDITOR</CONTROLLER_NAME>
     <CMPNAME>WDDOONOPEN</CMPNAME>
     <LINE_NUMBER>2</LINE_NUMBER>
     <SOURCE_LINE>  window_descr-&gt;window-&gt;set_button_kind(</SOURCE_LINE>
    </WDY_CTLR_COMPO_SOURCE_VRS>
    <WDY_CTLR_COMPO_SOURCE_VRS>
     <COMPONENT_NAME>ZDPD_ST_TEXT_EDITOR</COMPONENT_NAME>
     <CONTROLLER_NAME>ST_TEXT_EDITOR</CONTROLLER_NAME>
     <CMPNAME>WDDOONOPEN</CMPNAME>
     <LINE_NUMBER>3</LINE_NUMBER>
     <SOURCE_LINE>                       if_wd_window=&gt;co_buttons_okcancel ).</SOURCE_LINE>
    </WDY_CTLR_COMPO_SOURCE_VRS>
    <WDY_CTLR_COMPO_SOURCE_VRS>
     <COMPONENT_NAME>ZDPD_ST_TEXT_EDITOR</COMPONENT_NAME>
     <CONTROLLER_NAME>ST_TEXT_EDITOR</CONTROLLER_NAME>
     <CMPNAME>WDDOONOPEN</CMPNAME>
     <LINE_NUMBER>4</LINE_NUMBER>
     <SOURCE_LINE>endmethod.</SOURCE_LINE>
    </WDY_CTLR_COMPO_SOURCE_VRS>
    <WDY_CTLR_COMPO_SOURCE_VRS>
     <COMPONENT_NAME>ZDPD_ST_TEXT_EDITOR</COMPONENT_NAME>
     <CONTROLLER_NAME>ST_TEXT_EDITOR_VIEW</CONTROLLER_NAME>
     <CMPNAME>ONACTIONBUTTON_OK_PRESSED</CMPNAME>
     <LINE_NUMBER>1</LINE_NUMBER>
     <SOURCE_LINE>method ONACTIONBUTTON_OK_PRESSED .</SOURCE_LINE>
    </WDY_CTLR_COMPO_SOURCE_VRS>
    <WDY_CTLR_COMPO_SOURCE_VRS>
     <COMPONENT_NAME>ZDPD_ST_TEXT_EDITOR</COMPONENT_NAME>
     <CONTROLLER_NAME>ST_TEXT_EDITOR_VIEW</CONTROLLER_NAME>
     <CMPNAME>ONACTIONBUTTON_OK_PRESSED</CMPNAME>
     <LINE_NUMBER>2</LINE_NUMBER>
     <SOURCE_LINE>  DATA: l_text        TYPE string,</SOURCE_LINE>
    </WDY_CTLR_COMPO_SOURCE_VRS>
    <WDY_CTLR_COMPO_SOURCE_VRS>
     <COMPONENT_NAME>ZDPD_ST_TEXT_EDITOR</COMPONENT_NAME>
     <CONTROLLER_NAME>ST_TEXT_EDITOR_VIEW</CONTROLLER_NAME>
     <CMPNAME>ONACTIONBUTTON_OK_PRESSED</CMPNAME>
     <LINE_NUMBER>3</LINE_NUMBER>
     <SOURCE_LINE>        lt_lines      TYPE STANDARD TABLE OF tline,</SOURCE_LINE>
    </WDY_CTLR_COMPO_SOURCE_VRS>
    <WDY_CTLR_COMPO_SOURCE_VRS>
     <COMPONENT_NAME>ZDPD_ST_TEXT_EDITOR</COMPONENT_NAME>
     <CONTROLLER_NAME>ST_TEXT_EDITOR_VIEW</CONTROLLER_NAME>
     <CMPNAME>ONACTIONBUTTON_OK_PRESSED</CMPNAME>
     <LINE_NUMBER>4</LINE_NUMBER>
     <SOURCE_LINE>        ls_lines      TYPE tline,</SOURCE_LINE>
    </WDY_CTLR_COMPO_SOURCE_VRS>
    <WDY_CTLR_COMPO_SOURCE_VRS>
     <COMPONENT_NAME>ZDPD_ST_TEXT_EDITOR</COMPONENT_NAME>
     <CONTROLLER_NAME>ST_TEXT_EDITOR_VIEW</CONTROLLER_NAME>
     <CMPNAME>ONACTIONBUTTON_OK_PRESSED</CMPNAME>
     <LINE_NUMBER>5</LINE_NUMBER>
     <SOURCE_LINE>        lt_split_crlf TYPE TABLE OF string.</SOURCE_LINE>
    </WDY_CTLR_COMPO_SOURCE_VRS>
    <WDY_CTLR_COMPO_SOURCE_VRS>
     <COMPONENT_NAME>ZDPD_ST_TEXT_EDITOR</COMPONENT_NAME>
     <CONTROLLER_NAME>ST_TEXT_EDITOR_VIEW</CONTROLLER_NAME>
     <CMPNAME>ONACTIONBUTTON_OK_PRESSED</CMPNAME>
     <LINE_NUMBER>6</LINE_NUMBER>
     <SOURCE_LINE>  wd_context-&gt;get_attribute(</SOURCE_LINE>
    </WDY_CTLR_COMPO_SOURCE_VRS>
    <WDY_CTLR_COMPO_SOURCE_VRS>
     <COMPONENT_NAME>ZDPD_ST_TEXT_EDITOR</COMPONENT_NAME>
     <CONTROLLER_NAME>ST_TEXT_EDITOR_VIEW</CONTROLLER_NAME>
     <CMPNAME>ONACTIONBUTTON_OK_PRESSED</CMPNAME>
     <LINE_NUMBER>7</LINE_NUMBER>
     <SOURCE_LINE>     EXPORTING name  = &apos;TEXT&apos;</SOURCE_LINE>
    </WDY_CTLR_COMPO_SOURCE_VRS>
    <WDY_CTLR_COMPO_SOURCE_VRS>
     <COMPONENT_NAME>ZDPD_ST_TEXT_EDITOR</COMPONENT_NAME>
     <CONTROLLER_NAME>ST_TEXT_EDITOR_VIEW</CONTROLLER_NAME>
     <CMPNAME>ONACTIONBUTTON_OK_PRESSED</CMPNAME>
     <LINE_NUMBER>8</LINE_NUMBER>
     <SOURCE_LINE>     IMPORTING value = l_text ).</SOURCE_LINE>
    </WDY_CTLR_COMPO_SOURCE_VRS>
    <WDY_CTLR_COMPO_SOURCE_VRS>
     <COMPONENT_NAME>ZDPD_ST_TEXT_EDITOR</COMPONENT_NAME>
     <CONTROLLER_NAME>ST_TEXT_EDITOR_VIEW</CONTROLLER_NAME>
     <CMPNAME>ONACTIONBUTTON_OK_PRESSED</CMPNAME>
     <LINE_NUMBER>9</LINE_NUMBER>
     <SOURCE_LINE>  SPLIT l_text AT cl_abap_char_utilities=&gt;newline</SOURCE_LINE>
    </WDY_CTLR_COMPO_SOURCE_VRS>
    <WDY_CTLR_COMPO_SOURCE_VRS>
     <COMPONENT_NAME>ZDPD_ST_TEXT_EDITOR</COMPONENT_NAME>
     <CONTROLLER_NAME>ST_TEXT_EDITOR_VIEW</CONTROLLER_NAME>
     <CMPNAME>ONACTIONBUTTON_OK_PRESSED</CMPNAME>
     <LINE_NUMBER>10</LINE_NUMBER>
     <SOURCE_LINE>          INTO TABLE lt_split_crlf.</SOURCE_LINE>
    </WDY_CTLR_COMPO_SOURCE_VRS>
    <WDY_CTLR_COMPO_SOURCE_VRS>
     <COMPONENT_NAME>ZDPD_ST_TEXT_EDITOR</COMPONENT_NAME>
     <CONTROLLER_NAME>ST_TEXT_EDITOR_VIEW</CONTROLLER_NAME>
     <CMPNAME>ONACTIONBUTTON_OK_PRESSED</CMPNAME>
     <LINE_NUMBER>11</LINE_NUMBER>
     <SOURCE_LINE>  LOOP AT lt_split_crlf INTO l_text.</SOURCE_LINE>
    </WDY_CTLR_COMPO_SOURCE_VRS>
    <WDY_CTLR_COMPO_SOURCE_VRS>
     <COMPONENT_NAME>ZDPD_ST_TEXT_EDITOR</COMPONENT_NAME>
     <CONTROLLER_NAME>ST_TEXT_EDITOR_VIEW</CONTROLLER_NAME>
     <CMPNAME>ONACTIONBUTTON_OK_PRESSED</CMPNAME>
     <LINE_NUMBER>12</LINE_NUMBER>
     <SOURCE_LINE>    ls_lines-tdformat = &apos;*&apos;.</SOURCE_LINE>
    </WDY_CTLR_COMPO_SOURCE_VRS>
    <WDY_CTLR_COMPO_SOURCE_VRS>
     <COMPONENT_NAME>ZDPD_ST_TEXT_EDITOR</COMPONENT_NAME>
     <CONTROLLER_NAME>ST_TEXT_EDITOR_VIEW</CONTROLLER_NAME>
     <CMPNAME>ONACTIONBUTTON_OK_PRESSED</CMPNAME>
     <LINE_NUMBER>13</LINE_NUMBER>
     <SOURCE_LINE>    WHILE l_text IS NOT INITIAL.</SOURCE_LINE>
    </WDY_CTLR_COMPO_SOURCE_VRS>
    <WDY_CTLR_COMPO_SOURCE_VRS>
     <COMPONENT_NAME>ZDPD_ST_TEXT_EDITOR</COMPONENT_NAME>
     <CONTROLLER_NAME>ST_TEXT_EDITOR_VIEW</CONTROLLER_NAME>
     <CMPNAME>ONACTIONBUTTON_OK_PRESSED</CMPNAME>
     <LINE_NUMBER>14</LINE_NUMBER>
     <SOURCE_LINE>      ls_lines-tdline = l_text.</SOURCE_LINE>
    </WDY_CTLR_COMPO_SOURCE_VRS>
    <WDY_CTLR_COMPO_SOURCE_VRS>
     <COMPONENT_NAME>ZDPD_ST_TEXT_EDITOR</COMPONENT_NAME>
     <CONTROLLER_NAME>ST_TEXT_EDITOR_VIEW</CONTROLLER_NAME>
     <CMPNAME>ONACTIONBUTTON_OK_PRESSED</CMPNAME>
     <LINE_NUMBER>15</LINE_NUMBER>
     <SOURCE_LINE>      APPEND ls_lines TO lt_lines.</SOURCE_LINE>
    </WDY_CTLR_COMPO_SOURCE_VRS>
    <WDY_CTLR_COMPO_SOURCE_VRS>
     <COMPONENT_NAME>ZDPD_ST_TEXT_EDITOR</COMPONENT_NAME>
     <CONTROLLER_NAME>ST_TEXT_EDITOR_VIEW</CONTROLLER_NAME>
     <CMPNAME>ONACTIONBUTTON_OK_PRESSED</CMPNAME>
     <LINE_NUMBER>16</LINE_NUMBER>
     <SOURCE_LINE>      ls_lines-tdformat = &apos;=&apos;.</SOURCE_LINE>
    </WDY_CTLR_COMPO_SOURCE_VRS>
    <WDY_CTLR_COMPO_SOURCE_VRS>
     <COMPONENT_NAME>ZDPD_ST_TEXT_EDITOR</COMPONENT_NAME>
     <CONTROLLER_NAME>ST_TEXT_EDITOR_VIEW</CONTROLLER_NAME>
     <CMPNAME>ONACTIONBUTTON_OK_PRESSED</CMPNAME>
     <LINE_NUMBER>17</LINE_NUMBER>
     <SOURCE_LINE>      SHIFT l_text LEFT BY 132 PLACES.</SOURCE_LINE>
    </WDY_CTLR_COMPO_SOURCE_VRS>
    <WDY_CTLR_COMPO_SOURCE_VRS>
     <COMPONENT_NAME>ZDPD_ST_TEXT_EDITOR</COMPONENT_NAME>
     <CONTROLLER_NAME>ST_TEXT_EDITOR_VIEW</CONTROLLER_NAME>
     <CMPNAME>ONACTIONBUTTON_OK_PRESSED</CMPNAME>
     <LINE_NUMBER>18</LINE_NUMBER>
     <SOURCE_LINE>    ENDWHILE.</SOURCE_LINE>
    </WDY_CTLR_COMPO_SOURCE_VRS>
    <WDY_CTLR_COMPO_SOURCE_VRS>
     <COMPONENT_NAME>ZDPD_ST_TEXT_EDITOR</COMPONENT_NAME>
     <CONTROLLER_NAME>ST_TEXT_EDITOR_VIEW</CONTROLLER_NAME>
     <CMPNAME>ONACTIONBUTTON_OK_PRESSED</CMPNAME>
     <LINE_NUMBER>19</LINE_NUMBER>
     <SOURCE_LINE>  ENDLOOP. &quot;LOOP AT t_text</SOURCE_LINE>
    </WDY_CTLR_COMPO_SOURCE_VRS>
    <WDY_CTLR_COMPO_SOURCE_VRS>
     <COMPONENT_NAME>ZDPD_ST_TEXT_EDITOR</COMPONENT_NAME>
     <CONTROLLER_NAME>ST_TEXT_EDITOR_VIEW</CONTROLLER_NAME>
     <CMPNAME>ONACTIONBUTTON_OK_PRESSED</CMPNAME>
     <LINE_NUMBER>20</LINE_NUMBER>
     <SOURCE_LINE>  CALL FUNCTION &apos;SAVE_TEXT&apos;</SOURCE_LINE>
    </WDY_CTLR_COMPO_SOURCE_VRS>
    <WDY_CTLR_COMPO_SOURCE_VRS>
     <COMPONENT_NAME>ZDPD_ST_TEXT_EDITOR</COMPONENT_NAME>
     <CONTROLLER_NAME>ST_TEXT_EDITOR_VIEW</CONTROLLER_NAME>
     <CMPNAME>ONACTIONBUTTON_OK_PRESSED</CMPNAME>
     <LINE_NUMBER>21</LINE_NUMBER>
     <SOURCE_LINE>      EXPORTING header = wd_this-&gt;s_thead</SOURCE_LINE>
    </WDY_CTLR_COMPO_SOURCE_VRS>
    <WDY_CTLR_COMPO_SOURCE_VRS>
     <COMPONENT_NAME>ZDPD_ST_TEXT_EDITOR</COMPONENT_NAME>
     <CONTROLLER_NAME>ST_TEXT_EDITOR_VIEW</CONTROLLER_NAME>
     <CMPNAME>ONACTIONBUTTON_OK_PRESSED</CMPNAME>
     <LINE_NUMBER>22</LINE_NUMBER>
     <SOURCE_LINE>      TABLES    lines  = lt_lines.</SOURCE_LINE>
    </WDY_CTLR_COMPO_SOURCE_VRS>
    <WDY_CTLR_COMPO_SOURCE_VRS>
     <COMPONENT_NAME>ZDPD_ST_TEXT_EDITOR</COMPONENT_NAME>
     <CONTROLLER_NAME>ST_TEXT_EDITOR_VIEW</CONTROLLER_NAME>
     <CMPNAME>ONACTIONBUTTON_OK_PRESSED</CMPNAME>
     <LINE_NUMBER>23</LINE_NUMBER>
     <SOURCE_LINE>endmethod.</SOURCE_LINE>
    </WDY_CTLR_COMPO_SOURCE_VRS>
    <WDY_CTLR_COMPO_SOURCE_VRS>
     <COMPONENT_NAME>ZDPD_ST_TEXT_EDITOR</COMPONENT_NAME>
     <CONTROLLER_NAME>ST_TEXT_EDITOR_VIEW</CONTROLLER_NAME>
     <CMPNAME>WDDOBEFOREACTION</CMPNAME>
     <LINE_NUMBER>1</LINE_NUMBER>
     <SOURCE_LINE>method WDDOBEFOREACTION .</SOURCE_LINE>
    </WDY_CTLR_COMPO_SOURCE_VRS>
    <WDY_CTLR_COMPO_SOURCE_VRS>
     <COMPONENT_NAME>ZDPD_ST_TEXT_EDITOR</COMPONENT_NAME>
     <CONTROLLER_NAME>ST_TEXT_EDITOR_VIEW</CONTROLLER_NAME>
     <CMPNAME>WDDOBEFOREACTION</CMPNAME>
     <LINE_NUMBER>2</LINE_NUMBER>
     <SOURCE_LINE>endmethod.</SOURCE_LINE>
    </WDY_CTLR_COMPO_SOURCE_VRS>
    <WDY_CTLR_COMPO_SOURCE_VRS>
     <COMPONENT_NAME>ZDPD_ST_TEXT_EDITOR</COMPONENT_NAME>
     <CONTROLLER_NAME>ST_TEXT_EDITOR_VIEW</CONTROLLER_NAME>
     <CMPNAME>WDDOEXIT</CMPNAME>
     <LINE_NUMBER>1</LINE_NUMBER>
     <SOURCE_LINE>method WDDOEXIT .</SOURCE_LINE>
    </WDY_CTLR_COMPO_SOURCE_VRS>
    <WDY_CTLR_COMPO_SOURCE_VRS>
     <COMPONENT_NAME>ZDPD_ST_TEXT_EDITOR</COMPONENT_NAME>
     <CONTROLLER_NAME>ST_TEXT_EDITOR_VIEW</CONTROLLER_NAME>
     <CMPNAME>WDDOEXIT</CMPNAME>
     <LINE_NUMBER>2</LINE_NUMBER>
     <SOURCE_LINE>endmethod.</SOURCE_LINE>
    </WDY_CTLR_COMPO_SOURCE_VRS>
    <WDY_CTLR_COMPO_SOURCE_VRS>
     <COMPONENT_NAME>ZDPD_ST_TEXT_EDITOR</COMPONENT_NAME>
     <CONTROLLER_NAME>ST_TEXT_EDITOR_VIEW</CONTROLLER_NAME>
     <CMPNAME>WDDOINIT</CMPNAME>
     <LINE_NUMBER>1</LINE_NUMBER>
     <SOURCE_LINE>method WDDOINIT .</SOURCE_LINE>
    </WDY_CTLR_COMPO_SOURCE_VRS>
    <WDY_CTLR_COMPO_SOURCE_VRS>
     <COMPONENT_NAME>ZDPD_ST_TEXT_EDITOR</COMPONENT_NAME>
     <CONTROLLER_NAME>ST_TEXT_EDITOR_VIEW</CONTROLLER_NAME>
     <CMPNAME>WDDOINIT</CMPNAME>
     <LINE_NUMBER>2</LINE_NUMBER>
     <SOURCE_LINE>  DATA:</SOURCE_LINE>
    </WDY_CTLR_COMPO_SOURCE_VRS>
    <WDY_CTLR_COMPO_SOURCE_VRS>
     <COMPONENT_NAME>ZDPD_ST_TEXT_EDITOR</COMPONENT_NAME>
     <CONTROLLER_NAME>ST_TEXT_EDITOR_VIEW</CONTROLLER_NAME>
     <CMPNAME>WDDOINIT</CMPNAME>
     <LINE_NUMBER>3</LINE_NUMBER>
     <SOURCE_LINE>    lo_window         TYPE REF TO if_wd_window,</SOURCE_LINE>
    </WDY_CTLR_COMPO_SOURCE_VRS>
    <WDY_CTLR_COMPO_SOURCE_VRS>
     <COMPONENT_NAME>ZDPD_ST_TEXT_EDITOR</COMPONENT_NAME>
     <CONTROLLER_NAME>ST_TEXT_EDITOR_VIEW</CONTROLLER_NAME>
     <CMPNAME>WDDOINIT</CMPNAME>
     <LINE_NUMBER>4</LINE_NUMBER>
     <SOURCE_LINE>    lo_view_api       TYPE REF TO if_wd_view_controller,</SOURCE_LINE>
    </WDY_CTLR_COMPO_SOURCE_VRS>
    <WDY_CTLR_COMPO_SOURCE_VRS>
     <COMPONENT_NAME>ZDPD_ST_TEXT_EDITOR</COMPONENT_NAME>
     <CONTROLLER_NAME>ST_TEXT_EDITOR_VIEW</CONTROLLER_NAME>
     <CMPNAME>WDDOINIT</CMPNAME>
     <LINE_NUMBER>5</LINE_NUMBER>
     <SOURCE_LINE>    lo_node           TYPE REF TO if_wd_context_node,</SOURCE_LINE>
    </WDY_CTLR_COMPO_SOURCE_VRS>
    <WDY_CTLR_COMPO_SOURCE_VRS>
     <COMPONENT_NAME>ZDPD_ST_TEXT_EDITOR</COMPONENT_NAME>
     <CONTROLLER_NAME>ST_TEXT_EDITOR_VIEW</CONTROLLER_NAME>
     <CMPNAME>WDDOINIT</CMPNAME>
     <LINE_NUMBER>6</LINE_NUMBER>
     <SOURCE_LINE>    lo_window_ctlr    TYPE REF TO if_wd_window_controller,</SOURCE_LINE>
    </WDY_CTLR_COMPO_SOURCE_VRS>
    <WDY_CTLR_COMPO_SOURCE_VRS>
     <COMPONENT_NAME>ZDPD_ST_TEXT_EDITOR</COMPONENT_NAME>
     <CONTROLLER_NAME>ST_TEXT_EDITOR_VIEW</CONTROLLER_NAME>
     <CMPNAME>WDDOINIT</CMPNAME>
     <LINE_NUMBER>7</LINE_NUMBER>
     <SOURCE_LINE>    lt_win_tab        TYPE wdr_window_list,</SOURCE_LINE>
    </WDY_CTLR_COMPO_SOURCE_VRS>
    <WDY_CTLR_COMPO_SOURCE_VRS>
     <COMPONENT_NAME>ZDPD_ST_TEXT_EDITOR</COMPONENT_NAME>
     <CONTROLLER_NAME>ST_TEXT_EDITOR_VIEW</CONTROLLER_NAME>
     <CMPNAME>WDDOINIT</CMPNAME>
     <LINE_NUMBER>8</LINE_NUMBER>
     <SOURCE_LINE>    l_text            TYPE string,</SOURCE_LINE>
    </WDY_CTLR_COMPO_SOURCE_VRS>
    <WDY_CTLR_COMPO_SOURCE_VRS>
     <COMPONENT_NAME>ZDPD_ST_TEXT_EDITOR</COMPONENT_NAME>
     <CONTROLLER_NAME>ST_TEXT_EDITOR_VIEW</CONTROLLER_NAME>
     <CMPNAME>WDDOINIT</CMPNAME>
     <LINE_NUMBER>9</LINE_NUMBER>
     <SOURCE_LINE>    lt_lines          TYPE STANDARD TABLE OF tline,</SOURCE_LINE>
    </WDY_CTLR_COMPO_SOURCE_VRS>
    <WDY_CTLR_COMPO_SOURCE_VRS>
     <COMPONENT_NAME>ZDPD_ST_TEXT_EDITOR</COMPONENT_NAME>
     <CONTROLLER_NAME>ST_TEXT_EDITOR_VIEW</CONTROLLER_NAME>
     <CMPNAME>WDDOINIT</CMPNAME>
     <LINE_NUMBER>10</LINE_NUMBER>
     <SOURCE_LINE>    l_separator       TYPE char1.</SOURCE_LINE>
    </WDY_CTLR_COMPO_SOURCE_VRS>
    <WDY_CTLR_COMPO_SOURCE_VRS>
     <COMPONENT_NAME>ZDPD_ST_TEXT_EDITOR</COMPONENT_NAME>
     <CONTROLLER_NAME>ST_TEXT_EDITOR_VIEW</CONTROLLER_NAME>
     <CMPNAME>WDDOINIT</CMPNAME>
     <LINE_NUMBER>11</LINE_NUMBER>
     <SOURCE_LINE>  FIELD-SYMBOLS:</SOURCE_LINE>
    </WDY_CTLR_COMPO_SOURCE_VRS>
    <WDY_CTLR_COMPO_SOURCE_VRS>
     <COMPONENT_NAME>ZDPD_ST_TEXT_EDITOR</COMPONENT_NAME>
     <CONTROLLER_NAME>ST_TEXT_EDITOR_VIEW</CONTROLLER_NAME>
     <CMPNAME>WDDOINIT</CMPNAME>
     <LINE_NUMBER>12</LINE_NUMBER>
     <SOURCE_LINE>    &lt;line&gt;            TYPE tline.</SOURCE_LINE>
    </WDY_CTLR_COMPO_SOURCE_VRS>
    <WDY_CTLR_COMPO_SOURCE_VRS>
     <COMPONENT_NAME>ZDPD_ST_TEXT_EDITOR</COMPONENT_NAME>
     <CONTROLLER_NAME>ST_TEXT_EDITOR_VIEW</CONTROLLER_NAME>
     <CMPNAME>WDDOINIT</CMPNAME>
     <LINE_NUMBER>13</LINE_NUMBER>
     <SOURCE_LINE>* register OK button to action handler method</SOURCE_LINE>
    </WDY_CTLR_COMPO_SOURCE_VRS>
    <WDY_CTLR_COMPO_SOURCE_VRS>
     <COMPONENT_NAME>ZDPD_ST_TEXT_EDITOR</COMPONENT_NAME>
     <CONTROLLER_NAME>ST_TEXT_EDITOR_VIEW</CONTROLLER_NAME>
     <CMPNAME>WDDOINIT</CMPNAME>
     <LINE_NUMBER>14</LINE_NUMBER>
     <SOURCE_LINE>  lo_view_api       = wd_this-&gt;wd_get_api( ).</SOURCE_LINE>
    </WDY_CTLR_COMPO_SOURCE_VRS>
    <WDY_CTLR_COMPO_SOURCE_VRS>
     <COMPONENT_NAME>ZDPD_ST_TEXT_EDITOR</COMPONENT_NAME>
     <CONTROLLER_NAME>ST_TEXT_EDITOR_VIEW</CONTROLLER_NAME>
     <CMPNAME>WDDOINIT</CMPNAME>
     <LINE_NUMBER>15</LINE_NUMBER>
     <SOURCE_LINE>  lo_window_ctlr    = lo_view_api-&gt;get_embedding_window_ctlr( ).</SOURCE_LINE>
    </WDY_CTLR_COMPO_SOURCE_VRS>
    <WDY_CTLR_COMPO_SOURCE_VRS>
     <COMPONENT_NAME>ZDPD_ST_TEXT_EDITOR</COMPONENT_NAME>
     <CONTROLLER_NAME>ST_TEXT_EDITOR_VIEW</CONTROLLER_NAME>
     <CMPNAME>WDDOINIT</CMPNAME>
     <LINE_NUMBER>16</LINE_NUMBER>
     <SOURCE_LINE>  lo_window         = lo_window_ctlr-&gt;get_window( ).</SOURCE_LINE>
    </WDY_CTLR_COMPO_SOURCE_VRS>
    <WDY_CTLR_COMPO_SOURCE_VRS>
     <COMPONENT_NAME>ZDPD_ST_TEXT_EDITOR</COMPONENT_NAME>
     <CONTROLLER_NAME>ST_TEXT_EDITOR_VIEW</CONTROLLER_NAME>
     <CMPNAME>WDDOINIT</CMPNAME>
     <LINE_NUMBER>17</LINE_NUMBER>
     <SOURCE_LINE>  IF lo_window IS BOUND.</SOURCE_LINE>
    </WDY_CTLR_COMPO_SOURCE_VRS>
    <WDY_CTLR_COMPO_SOURCE_VRS>
     <COMPONENT_NAME>ZDPD_ST_TEXT_EDITOR</COMPONENT_NAME>
     <CONTROLLER_NAME>ST_TEXT_EDITOR_VIEW</CONTROLLER_NAME>
     <CMPNAME>WDDOINIT</CMPNAME>
     <LINE_NUMBER>18</LINE_NUMBER>
     <SOURCE_LINE>    lo_window-&gt;subscribe_to_button_event(</SOURCE_LINE>
    </WDY_CTLR_COMPO_SOURCE_VRS>
    <WDY_CTLR_COMPO_SOURCE_VRS>
     <COMPONENT_NAME>ZDPD_ST_TEXT_EDITOR</COMPONENT_NAME>
     <CONTROLLER_NAME>ST_TEXT_EDITOR_VIEW</CONTROLLER_NAME>
     <CMPNAME>WDDOINIT</CMPNAME>
     <LINE_NUMBER>19</LINE_NUMBER>
     <SOURCE_LINE>                button            = if_wd_window=&gt;co_button_ok</SOURCE_LINE>
    </WDY_CTLR_COMPO_SOURCE_VRS>
    <WDY_CTLR_COMPO_SOURCE_VRS>
     <COMPONENT_NAME>ZDPD_ST_TEXT_EDITOR</COMPONENT_NAME>
     <CONTROLLER_NAME>ST_TEXT_EDITOR_VIEW</CONTROLLER_NAME>
     <CMPNAME>WDDOINIT</CMPNAME>
     <LINE_NUMBER>20</LINE_NUMBER>
     <SOURCE_LINE>                action_view       = lo_view_api</SOURCE_LINE>
    </WDY_CTLR_COMPO_SOURCE_VRS>
    <WDY_CTLR_COMPO_SOURCE_VRS>
     <COMPONENT_NAME>ZDPD_ST_TEXT_EDITOR</COMPONENT_NAME>
     <CONTROLLER_NAME>ST_TEXT_EDITOR_VIEW</CONTROLLER_NAME>
     <CMPNAME>WDDOINIT</CMPNAME>
     <LINE_NUMBER>21</LINE_NUMBER>
     <SOURCE_LINE>                action_name       = &apos;BUTTON_OK_PRESSED&apos;</SOURCE_LINE>
    </WDY_CTLR_COMPO_SOURCE_VRS>
    <WDY_CTLR_COMPO_SOURCE_VRS>
     <COMPONENT_NAME>ZDPD_ST_TEXT_EDITOR</COMPONENT_NAME>
     <CONTROLLER_NAME>ST_TEXT_EDITOR_VIEW</CONTROLLER_NAME>
     <CMPNAME>WDDOINIT</CMPNAME>
     <LINE_NUMBER>22</LINE_NUMBER>
     <SOURCE_LINE>                is_default_button = abap_true ).</SOURCE_LINE>
    </WDY_CTLR_COMPO_SOURCE_VRS>
    <WDY_CTLR_COMPO_SOURCE_VRS>
     <COMPONENT_NAME>ZDPD_ST_TEXT_EDITOR</COMPONENT_NAME>
     <CONTROLLER_NAME>ST_TEXT_EDITOR_VIEW</CONTROLLER_NAME>
     <CMPNAME>WDDOINIT</CMPNAME>
     <LINE_NUMBER>23</LINE_NUMBER>
     <SOURCE_LINE>  ENDIF.</SOURCE_LINE>
    </WDY_CTLR_COMPO_SOURCE_VRS>
    <WDY_CTLR_COMPO_SOURCE_VRS>
     <COMPONENT_NAME>ZDPD_ST_TEXT_EDITOR</COMPONENT_NAME>
     <CONTROLLER_NAME>ST_TEXT_EDITOR_VIEW</CONTROLLER_NAME>
     <CMPNAME>WDDOINIT</CMPNAME>
     <LINE_NUMBER>24</LINE_NUMBER>
     <SOURCE_LINE>* get S_THEAD context attribute</SOURCE_LINE>
    </WDY_CTLR_COMPO_SOURCE_VRS>
    <WDY_CTLR_COMPO_SOURCE_VRS>
     <COMPONENT_NAME>ZDPD_ST_TEXT_EDITOR</COMPONENT_NAME>
     <CONTROLLER_NAME>ST_TEXT_EDITOR_VIEW</CONTROLLER_NAME>
     <CMPNAME>WDDOINIT</CMPNAME>
     <LINE_NUMBER>25</LINE_NUMBER>
     <SOURCE_LINE>  lo_node = wd_context-&gt;get_child_node( &apos;ST_TEXT_EDITOR&apos; ).</SOURCE_LINE>
    </WDY_CTLR_COMPO_SOURCE_VRS>
    <WDY_CTLR_COMPO_SOURCE_VRS>
     <COMPONENT_NAME>ZDPD_ST_TEXT_EDITOR</COMPONENT_NAME>
     <CONTROLLER_NAME>ST_TEXT_EDITOR_VIEW</CONTROLLER_NAME>
     <CMPNAME>WDDOINIT</CMPNAME>
     <LINE_NUMBER>26</LINE_NUMBER>
     <SOURCE_LINE>  lo_node-&gt;get_attribute(</SOURCE_LINE>
    </WDY_CTLR_COMPO_SOURCE_VRS>
    <WDY_CTLR_COMPO_SOURCE_VRS>
     <COMPONENT_NAME>ZDPD_ST_TEXT_EDITOR</COMPONENT_NAME>
     <CONTROLLER_NAME>ST_TEXT_EDITOR_VIEW</CONTROLLER_NAME>
     <CMPNAME>WDDOINIT</CMPNAME>
     <LINE_NUMBER>27</LINE_NUMBER>
     <SOURCE_LINE>    EXPORTING name    = &apos;S_THEAD&apos;</SOURCE_LINE>
    </WDY_CTLR_COMPO_SOURCE_VRS>
    <WDY_CTLR_COMPO_SOURCE_VRS>
     <COMPONENT_NAME>ZDPD_ST_TEXT_EDITOR</COMPONENT_NAME>
     <CONTROLLER_NAME>ST_TEXT_EDITOR_VIEW</CONTROLLER_NAME>
     <CMPNAME>WDDOINIT</CMPNAME>
     <LINE_NUMBER>28</LINE_NUMBER>
     <SOURCE_LINE>    IMPORTING value   = wd_this-&gt;s_thead ).</SOURCE_LINE>
    </WDY_CTLR_COMPO_SOURCE_VRS>
    <WDY_CTLR_COMPO_SOURCE_VRS>
     <COMPONENT_NAME>ZDPD_ST_TEXT_EDITOR</COMPONENT_NAME>
     <CONTROLLER_NAME>ST_TEXT_EDITOR_VIEW</CONTROLLER_NAME>
     <CMPNAME>WDDOINIT</CMPNAME>
     <LINE_NUMBER>29</LINE_NUMBER>
     <SOURCE_LINE>* get text</SOURCE_LINE>
    </WDY_CTLR_COMPO_SOURCE_VRS>
    <WDY_CTLR_COMPO_SOURCE_VRS>
     <COMPONENT_NAME>ZDPD_ST_TEXT_EDITOR</COMPONENT_NAME>
     <CONTROLLER_NAME>ST_TEXT_EDITOR_VIEW</CONTROLLER_NAME>
     <CMPNAME>WDDOINIT</CMPNAME>
     <LINE_NUMBER>30</LINE_NUMBER>
     <SOURCE_LINE>  CALL FUNCTION &apos;READ_TEXT&apos;</SOURCE_LINE>
    </WDY_CTLR_COMPO_SOURCE_VRS>
    <WDY_CTLR_COMPO_SOURCE_VRS>
     <COMPONENT_NAME>ZDPD_ST_TEXT_EDITOR</COMPONENT_NAME>
     <CONTROLLER_NAME>ST_TEXT_EDITOR_VIEW</CONTROLLER_NAME>
     <CMPNAME>WDDOINIT</CMPNAME>
     <LINE_NUMBER>31</LINE_NUMBER>
     <SOURCE_LINE>    EXPORTING</SOURCE_LINE>
    </WDY_CTLR_COMPO_SOURCE_VRS>
    <WDY_CTLR_COMPO_SOURCE_VRS>
     <COMPONENT_NAME>ZDPD_ST_TEXT_EDITOR</COMPONENT_NAME>
     <CONTROLLER_NAME>ST_TEXT_EDITOR_VIEW</CONTROLLER_NAME>
     <CMPNAME>WDDOINIT</CMPNAME>
     <LINE_NUMBER>32</LINE_NUMBER>
     <SOURCE_LINE>      id       = wd_this-&gt;s_thead-tdid</SOURCE_LINE>
    </WDY_CTLR_COMPO_SOURCE_VRS>
    <WDY_CTLR_COMPO_SOURCE_VRS>
     <COMPONENT_NAME>ZDPD_ST_TEXT_EDITOR</COMPONENT_NAME>
     <CONTROLLER_NAME>ST_TEXT_EDITOR_VIEW</CONTROLLER_NAME>
     <CMPNAME>WDDOINIT</CMPNAME>
     <LINE_NUMBER>33</LINE_NUMBER>
     <SOURCE_LINE>      language = wd_this-&gt;s_thead-tdspras</SOURCE_LINE>
    </WDY_CTLR_COMPO_SOURCE_VRS>
    <WDY_CTLR_COMPO_SOURCE_VRS>
     <COMPONENT_NAME>ZDPD_ST_TEXT_EDITOR</COMPONENT_NAME>
     <CONTROLLER_NAME>ST_TEXT_EDITOR_VIEW</CONTROLLER_NAME>
     <CMPNAME>WDDOINIT</CMPNAME>
     <LINE_NUMBER>34</LINE_NUMBER>
     <SOURCE_LINE>      name     = wd_this-&gt;s_thead-tdname</SOURCE_LINE>
    </WDY_CTLR_COMPO_SOURCE_VRS>
    <WDY_CTLR_COMPO_SOURCE_VRS>
     <COMPONENT_NAME>ZDPD_ST_TEXT_EDITOR</COMPONENT_NAME>
     <CONTROLLER_NAME>ST_TEXT_EDITOR_VIEW</CONTROLLER_NAME>
     <CMPNAME>WDDOINIT</CMPNAME>
     <LINE_NUMBER>35</LINE_NUMBER>
     <SOURCE_LINE>      object   = wd_this-&gt;s_thead-tdobject</SOURCE_LINE>
    </WDY_CTLR_COMPO_SOURCE_VRS>
    <WDY_CTLR_COMPO_SOURCE_VRS>
     <COMPONENT_NAME>ZDPD_ST_TEXT_EDITOR</COMPONENT_NAME>
     <CONTROLLER_NAME>ST_TEXT_EDITOR_VIEW</CONTROLLER_NAME>
     <CMPNAME>WDDOINIT</CMPNAME>
     <LINE_NUMBER>36</LINE_NUMBER>
     <SOURCE_LINE>    TABLES</SOURCE_LINE>
    </WDY_CTLR_COMPO_SOURCE_VRS>
    <WDY_CTLR_COMPO_SOURCE_VRS>
     <COMPONENT_NAME>ZDPD_ST_TEXT_EDITOR</COMPONENT_NAME>
     <CONTROLLER_NAME>ST_TEXT_EDITOR_VIEW</CONTROLLER_NAME>
     <CMPNAME>WDDOINIT</CMPNAME>
     <LINE_NUMBER>37</LINE_NUMBER>
     <SOURCE_LINE>      lines    = lt_lines</SOURCE_LINE>
    </WDY_CTLR_COMPO_SOURCE_VRS>
    <WDY_CTLR_COMPO_SOURCE_VRS>
     <COMPONENT_NAME>ZDPD_ST_TEXT_EDITOR</COMPONENT_NAME>
     <CONTROLLER_NAME>ST_TEXT_EDITOR_VIEW</CONTROLLER_NAME>
     <CMPNAME>WDDOINIT</CMPNAME>
     <LINE_NUMBER>38</LINE_NUMBER>
     <SOURCE_LINE>    EXCEPTIONS</SOURCE_LINE>
    </WDY_CTLR_COMPO_SOURCE_VRS>
    <WDY_CTLR_COMPO_SOURCE_VRS>
     <COMPONENT_NAME>ZDPD_ST_TEXT_EDITOR</COMPONENT_NAME>
     <CONTROLLER_NAME>ST_TEXT_EDITOR_VIEW</CONTROLLER_NAME>
     <CMPNAME>WDDOINIT</CMPNAME>
     <LINE_NUMBER>39</LINE_NUMBER>
     <SOURCE_LINE>      OTHERS   = 8.</SOURCE_LINE>
    </WDY_CTLR_COMPO_SOURCE_VRS>
    <WDY_CTLR_COMPO_SOURCE_VRS>
     <COMPONENT_NAME>ZDPD_ST_TEXT_EDITOR</COMPONENT_NAME>
     <CONTROLLER_NAME>ST_TEXT_EDITOR_VIEW</CONTROLLER_NAME>
     <CMPNAME>WDDOINIT</CMPNAME>
     <LINE_NUMBER>40</LINE_NUMBER>
     <SOURCE_LINE>*------- convert text to text editor format</SOURCE_LINE>
    </WDY_CTLR_COMPO_SOURCE_VRS>
    <WDY_CTLR_COMPO_SOURCE_VRS>
     <COMPONENT_NAME>ZDPD_ST_TEXT_EDITOR</COMPONENT_NAME>
     <CONTROLLER_NAME>ST_TEXT_EDITOR_VIEW</CONTROLLER_NAME>
     <CMPNAME>WDDOINIT</CMPNAME>
     <LINE_NUMBER>41</LINE_NUMBER>
     <SOURCE_LINE>  LOOP AT lt_lines ASSIGNING &lt;line&gt;.</SOURCE_LINE>
    </WDY_CTLR_COMPO_SOURCE_VRS>
    <WDY_CTLR_COMPO_SOURCE_VRS>
     <COMPONENT_NAME>ZDPD_ST_TEXT_EDITOR</COMPONENT_NAME>
     <CONTROLLER_NAME>ST_TEXT_EDITOR_VIEW</CONTROLLER_NAME>
     <CMPNAME>WDDOINIT</CMPNAME>
     <LINE_NUMBER>42</LINE_NUMBER>
     <SOURCE_LINE>*   first line</SOURCE_LINE>
    </WDY_CTLR_COMPO_SOURCE_VRS>
    <WDY_CTLR_COMPO_SOURCE_VRS>
     <COMPONENT_NAME>ZDPD_ST_TEXT_EDITOR</COMPONENT_NAME>
     <CONTROLLER_NAME>ST_TEXT_EDITOR_VIEW</CONTROLLER_NAME>
     <CMPNAME>WDDOINIT</CMPNAME>
     <LINE_NUMBER>43</LINE_NUMBER>
     <SOURCE_LINE>    IF sy-tabix = 1.</SOURCE_LINE>
    </WDY_CTLR_COMPO_SOURCE_VRS>
    <WDY_CTLR_COMPO_SOURCE_VRS>
     <COMPONENT_NAME>ZDPD_ST_TEXT_EDITOR</COMPONENT_NAME>
     <CONTROLLER_NAME>ST_TEXT_EDITOR_VIEW</CONTROLLER_NAME>
     <CMPNAME>WDDOINIT</CMPNAME>
     <LINE_NUMBER>44</LINE_NUMBER>
     <SOURCE_LINE>      l_text = &lt;line&gt;-tdline.</SOURCE_LINE>
    </WDY_CTLR_COMPO_SOURCE_VRS>
    <WDY_CTLR_COMPO_SOURCE_VRS>
     <COMPONENT_NAME>ZDPD_ST_TEXT_EDITOR</COMPONENT_NAME>
     <CONTROLLER_NAME>ST_TEXT_EDITOR_VIEW</CONTROLLER_NAME>
     <CMPNAME>WDDOINIT</CMPNAME>
     <LINE_NUMBER>45</LINE_NUMBER>
     <SOURCE_LINE>*   same paragraph</SOURCE_LINE>
    </WDY_CTLR_COMPO_SOURCE_VRS>
    <WDY_CTLR_COMPO_SOURCE_VRS>
     <COMPONENT_NAME>ZDPD_ST_TEXT_EDITOR</COMPONENT_NAME>
     <CONTROLLER_NAME>ST_TEXT_EDITOR_VIEW</CONTROLLER_NAME>
     <CMPNAME>WDDOINIT</CMPNAME>
     <LINE_NUMBER>46</LINE_NUMBER>
     <SOURCE_LINE>    ELSEIF &lt;line&gt;-tdformat = space OR</SOURCE_LINE>
    </WDY_CTLR_COMPO_SOURCE_VRS>
    <WDY_CTLR_COMPO_SOURCE_VRS>
     <COMPONENT_NAME>ZDPD_ST_TEXT_EDITOR</COMPONENT_NAME>
     <CONTROLLER_NAME>ST_TEXT_EDITOR_VIEW</CONTROLLER_NAME>
     <CMPNAME>WDDOINIT</CMPNAME>
     <LINE_NUMBER>47</LINE_NUMBER>
     <SOURCE_LINE>       &lt;line&gt;-tdformat = &apos;=&apos;.</SOURCE_LINE>
    </WDY_CTLR_COMPO_SOURCE_VRS>
    <WDY_CTLR_COMPO_SOURCE_VRS>
     <COMPONENT_NAME>ZDPD_ST_TEXT_EDITOR</COMPONENT_NAME>
     <CONTROLLER_NAME>ST_TEXT_EDITOR_VIEW</CONTROLLER_NAME>
     <CMPNAME>WDDOINIT</CMPNAME>
     <LINE_NUMBER>48</LINE_NUMBER>
     <SOURCE_LINE>      CONCATENATE l_text &lt;line&gt;-tdline</SOURCE_LINE>
    </WDY_CTLR_COMPO_SOURCE_VRS>
    <WDY_CTLR_COMPO_SOURCE_VRS>
     <COMPONENT_NAME>ZDPD_ST_TEXT_EDITOR</COMPONENT_NAME>
     <CONTROLLER_NAME>ST_TEXT_EDITOR_VIEW</CONTROLLER_NAME>
     <CMPNAME>WDDOINIT</CMPNAME>
     <LINE_NUMBER>49</LINE_NUMBER>
     <SOURCE_LINE>          INTO l_text SEPARATED BY space.</SOURCE_LINE>
    </WDY_CTLR_COMPO_SOURCE_VRS>
    <WDY_CTLR_COMPO_SOURCE_VRS>
     <COMPONENT_NAME>ZDPD_ST_TEXT_EDITOR</COMPONENT_NAME>
     <CONTROLLER_NAME>ST_TEXT_EDITOR_VIEW</CONTROLLER_NAME>
     <CMPNAME>WDDOINIT</CMPNAME>
     <LINE_NUMBER>50</LINE_NUMBER>
     <SOURCE_LINE>*   line break</SOURCE_LINE>
    </WDY_CTLR_COMPO_SOURCE_VRS>
    <WDY_CTLR_COMPO_SOURCE_VRS>
     <COMPONENT_NAME>ZDPD_ST_TEXT_EDITOR</COMPONENT_NAME>
     <CONTROLLER_NAME>ST_TEXT_EDITOR_VIEW</CONTROLLER_NAME>
     <CMPNAME>WDDOINIT</CMPNAME>
     <LINE_NUMBER>51</LINE_NUMBER>
     <SOURCE_LINE>    ELSE.</SOURCE_LINE>
    </WDY_CTLR_COMPO_SOURCE_VRS>
    <WDY_CTLR_COMPO_SOURCE_VRS>
     <COMPONENT_NAME>ZDPD_ST_TEXT_EDITOR</COMPONENT_NAME>
     <CONTROLLER_NAME>ST_TEXT_EDITOR_VIEW</CONTROLLER_NAME>
     <CMPNAME>WDDOINIT</CMPNAME>
     <LINE_NUMBER>52</LINE_NUMBER>
     <SOURCE_LINE>      CONCATENATE l_text &lt;line&gt;-tdline</SOURCE_LINE>
    </WDY_CTLR_COMPO_SOURCE_VRS>
    <WDY_CTLR_COMPO_SOURCE_VRS>
     <COMPONENT_NAME>ZDPD_ST_TEXT_EDITOR</COMPONENT_NAME>
     <CONTROLLER_NAME>ST_TEXT_EDITOR_VIEW</CONTROLLER_NAME>
     <CMPNAME>WDDOINIT</CMPNAME>
     <LINE_NUMBER>53</LINE_NUMBER>
     <SOURCE_LINE>          INTO l_text SEPARATED BY</SOURCE_LINE>
    </WDY_CTLR_COMPO_SOURCE_VRS>
    <WDY_CTLR_COMPO_SOURCE_VRS>
     <COMPONENT_NAME>ZDPD_ST_TEXT_EDITOR</COMPONENT_NAME>
     <CONTROLLER_NAME>ST_TEXT_EDITOR_VIEW</CONTROLLER_NAME>
     <CMPNAME>WDDOINIT</CMPNAME>
     <LINE_NUMBER>54</LINE_NUMBER>
     <SOURCE_LINE>          cl_abap_char_utilities=&gt;newline.</SOURCE_LINE>
    </WDY_CTLR_COMPO_SOURCE_VRS>
    <WDY_CTLR_COMPO_SOURCE_VRS>
     <COMPONENT_NAME>ZDPD_ST_TEXT_EDITOR</COMPONENT_NAME>
     <CONTROLLER_NAME>ST_TEXT_EDITOR_VIEW</CONTROLLER_NAME>
     <CMPNAME>WDDOINIT</CMPNAME>
     <LINE_NUMBER>55</LINE_NUMBER>
     <SOURCE_LINE>    ENDIF.</SOURCE_LINE>
    </WDY_CTLR_COMPO_SOURCE_VRS>
    <WDY_CTLR_COMPO_SOURCE_VRS>
     <COMPONENT_NAME>ZDPD_ST_TEXT_EDITOR</COMPONENT_NAME>
     <CONTROLLER_NAME>ST_TEXT_EDITOR_VIEW</CONTROLLER_NAME>
     <CMPNAME>WDDOINIT</CMPNAME>
     <LINE_NUMBER>56</LINE_NUMBER>
     <SOURCE_LINE>  ENDLOOP.</SOURCE_LINE>
    </WDY_CTLR_COMPO_SOURCE_VRS>
    <WDY_CTLR_COMPO_SOURCE_VRS>
     <COMPONENT_NAME>ZDPD_ST_TEXT_EDITOR</COMPONENT_NAME>
     <CONTROLLER_NAME>ST_TEXT_EDITOR_VIEW</CONTROLLER_NAME>
     <CMPNAME>WDDOINIT</CMPNAME>
     <LINE_NUMBER>57</LINE_NUMBER>
     <SOURCE_LINE>  wd_context-&gt;set_attribute(</SOURCE_LINE>
    </WDY_CTLR_COMPO_SOURCE_VRS>
    <WDY_CTLR_COMPO_SOURCE_VRS>
     <COMPONENT_NAME>ZDPD_ST_TEXT_EDITOR</COMPONENT_NAME>
     <CONTROLLER_NAME>ST_TEXT_EDITOR_VIEW</CONTROLLER_NAME>
     <CMPNAME>WDDOINIT</CMPNAME>
     <LINE_NUMBER>58</LINE_NUMBER>
     <SOURCE_LINE>    EXPORTING name    = &apos;TEXT&apos;</SOURCE_LINE>
    </WDY_CTLR_COMPO_SOURCE_VRS>
    <WDY_CTLR_COMPO_SOURCE_VRS>
     <COMPONENT_NAME>ZDPD_ST_TEXT_EDITOR</COMPONENT_NAME>
     <CONTROLLER_NAME>ST_TEXT_EDITOR_VIEW</CONTROLLER_NAME>
     <CMPNAME>WDDOINIT</CMPNAME>
     <LINE_NUMBER>59</LINE_NUMBER>
     <SOURCE_LINE>              value   = l_text ).</SOURCE_LINE>
    </WDY_CTLR_COMPO_SOURCE_VRS>
    <WDY_CTLR_COMPO_SOURCE_VRS>
     <COMPONENT_NAME>ZDPD_ST_TEXT_EDITOR</COMPONENT_NAME>
     <CONTROLLER_NAME>ST_TEXT_EDITOR_VIEW</CONTROLLER_NAME>
     <CMPNAME>WDDOINIT</CMPNAME>
     <LINE_NUMBER>60</LINE_NUMBER>
     <SOURCE_LINE>endmethod.</SOURCE_LINE>
    </WDY_CTLR_COMPO_SOURCE_VRS>
    <WDY_CTLR_COMPO_SOURCE_VRS>
     <COMPONENT_NAME>ZDPD_ST_TEXT_EDITOR</COMPONENT_NAME>
     <CONTROLLER_NAME>ST_TEXT_EDITOR_VIEW</CONTROLLER_NAME>
     <CMPNAME>WDDOMODIFYVIEW</CMPNAME>
     <LINE_NUMBER>1</LINE_NUMBER>
     <SOURCE_LINE>method WDDOMODIFYVIEW .</SOURCE_LINE>
    </WDY_CTLR_COMPO_SOURCE_VRS>
    <WDY_CTLR_COMPO_SOURCE_VRS>
     <COMPONENT_NAME>ZDPD_ST_TEXT_EDITOR</COMPONENT_NAME>
     <CONTROLLER_NAME>ST_TEXT_EDITOR_VIEW</CONTROLLER_NAME>
     <CMPNAME>WDDOMODIFYVIEW</CMPNAME>
     <LINE_NUMBER>2</LINE_NUMBER>
     <SOURCE_LINE>endmethod.</SOURCE_LINE>
    </WDY_CTLR_COMPO_SOURCE_VRS>
   </SOURCES>
  </asx:values>
 </asx:abap>
</abapGit>
