﻿<?xml version="1.0" encoding="utf-8"?>
<abapGit version="v1.0.0" serializer="LCL_OBJECT_TRAN" serializer_version="v1.0.0">
 <asx:abap xmlns:asx="http://www.sap.com/abapxml" version="1.0">
  <asx:values>
   <TSTC>
    <TCODE>ZDPD_DEMO_WEB_DYNPRO</TCODE>
    <CINFO>Ag==</CINFO>
   </TSTC>
   <TSTCC>
    <TCODE>ZDPD_DEMO_WEB_DYNPRO</TCODE>
    <S_WIN32>X</S_WIN32>
   </TSTCC>
   <TSTCP>
    <TCODE>ZDPD_DEMO_WEB_DYNPRO</TCODE>
    <PARAM>/*WDYID APPLICATION=ZDPD_APP_CON_WEBDYNPRO;</PARAM>
   </TSTCP>
   <I18N_TPOOL>
    <TSTCT>
     <SPRSL>E</SPRSL>
     <TTEXT>Design Patterns Demo: SAP GUI App.</TTEXT>
    </TSTCT>
   </I18N_TPOOL>
  </asx:values>
 </asx:abap>
</abapGit>
