﻿<?xml version="1.0" encoding="utf-8"?>
<abapGit version="v1.0.0" serializer="LCL_OBJECT_WDYA" serializer_version="v1.0.0">
 <asx:abap xmlns:asx="http://www.sap.com/abapxml" version="1.0">
  <asx:values>
   <APP>
    <APPLICATION_NAME>ZDPD_APP_CON_WEBDYNPRO</APPLICATION_NAME>
    <COMPONENT>ZDPD_APP_CON_WEBDYNPRO</COMPONENT>
    <STARTUP_VIEW>MAIN_WINDOW</STARTUP_VIEW>
    <STARTUP_PLUG>DEFAULT</STARTUP_PLUG>
    <DISPLAY_NAME>zdpd_app_con_webdynpro</DISPLAY_NAME>
   </APP>
  </asx:values>
 </asx:abap>
</abapGit>
