﻿<?xml version="1.0" encoding="utf-8"?>
<abapGit version="v1.0.0" serializer="LCL_OBJECT_INTF" serializer_version="v1.0.0">
 <asx:abap xmlns:asx="http://www.sap.com/abapxml" version="1.0">
  <asx:values>
   <VSEOINTERF>
    <CLSNAME>ZIF_DPD_TREE_OBJECT</CLSNAME>
    <LANGU>D</LANGU>
    <DESCRIPT>Design Patterns Demo: Command Tree Object</DESCRIPT>
    <EXPOSURE>2</EXPOSURE>
    <STATE>1</STATE>
    <UNICODE>X</UNICODE>
   </VSEOINTERF>
   <DESCRIPTIONS>
    <SEOCOMPOTX>
     <CLSNAME>ZIF_DPD_TREE_OBJECT</CLSNAME>
     <CMPNAME>MC_CLOSE</CMPNAME>
     <LANGU>D</LANGU>
     <DESCRIPT>Function code that PAI triggered</DESCRIPT>
    </SEOCOMPOTX>
    <SEOCOMPOTX>
     <CLSNAME>ZIF_DPD_TREE_OBJECT</CLSNAME>
     <CMPNAME>MC_CLOSE</CMPNAME>
     <LANGU>E</LANGU>
     <DESCRIPT>Function code that PAI triggered</DESCRIPT>
    </SEOCOMPOTX>
    <SEOCOMPOTX>
     <CLSNAME>ZIF_DPD_TREE_OBJECT</CLSNAME>
     <CMPNAME>MC_OPEN</CMPNAME>
     <LANGU>D</LANGU>
     <DESCRIPT>Function code that PAI triggered</DESCRIPT>
    </SEOCOMPOTX>
    <SEOCOMPOTX>
     <CLSNAME>ZIF_DPD_TREE_OBJECT</CLSNAME>
     <CMPNAME>MC_OPEN</CMPNAME>
     <LANGU>E</LANGU>
     <DESCRIPT>Function code that PAI triggered</DESCRIPT>
    </SEOCOMPOTX>
    <SEOCOMPOTX>
     <CLSNAME>ZIF_DPD_TREE_OBJECT</CLSNAME>
     <CMPNAME>MC_REFRESH</CMPNAME>
     <LANGU>D</LANGU>
     <DESCRIPT>Function code that PAI triggered</DESCRIPT>
    </SEOCOMPOTX>
    <SEOCOMPOTX>
     <CLSNAME>ZIF_DPD_TREE_OBJECT</CLSNAME>
     <CMPNAME>MC_REFRESH</CMPNAME>
     <LANGU>E</LANGU>
     <DESCRIPT>Function code that PAI triggered</DESCRIPT>
    </SEOCOMPOTX>
    <SEOCOMPOTX>
     <CLSNAME>ZIF_DPD_TREE_OBJECT</CLSNAME>
     <CMPNAME>MC_SAVE</CMPNAME>
     <LANGU>D</LANGU>
     <DESCRIPT>Function code that PAI triggered</DESCRIPT>
    </SEOCOMPOTX>
    <SEOCOMPOTX>
     <CLSNAME>ZIF_DPD_TREE_OBJECT</CLSNAME>
     <CMPNAME>MC_SAVE</CMPNAME>
     <LANGU>E</LANGU>
     <DESCRIPT>Function code that PAI triggered</DESCRIPT>
    </SEOCOMPOTX>
   </DESCRIPTIONS>
  </asx:values>
 </asx:abap>
</abapGit>
